Workbook

Sheet 퇴직예정자(65_80년생)
A1: EMPNO | B1: EMPNMK | C1: 생년월일 | D1: RESCOD | E1: STRTDT | F1: EMPDIV | G1: PAYDIV | H1: JOBGRPH | I1: JOBGRPM | J1: JOBGRPL | K1: PAYGRD | L1: JOBKND | M1: 직군 | N1: 직군 | O1: DEPTCD | P1: 부서 | Q1: 부서 | R1: JOBDTY | S1: JOBKIND | T1: PAYSEQ | U1: FSAMDT | V1: ENDDT | W1: USESTS | X1: CNGREYN | Y1: COSTDIV | Z1: DPOFFDT | AA1: DTYPRT | AB1: CLSWRKCD | AC1: CLSCD | AD1: LAMDT | AE1: LRMDT | AF1: WRDT | AG1: WRID | AH1: UPDT | AI1: UPID | AJ1: COMDT | AK1: COMID | AL1: WRKIND | AM1: FIRDT | AN1: CONDIV | AO1: JIKPRT
A2: IT200309 | B2: 임재현 | C2: 650701 | D2: E75FAD0DE4571B96EE914468CF24605D | E2: 19990524 | F2: 2 | G2: 2 | H2: 12 | I2: 18 | J2: 19 | K2: 2A | L2: 01 | M2: 관리 | N2: =VLOOKUP(L2,직군코드!$A$2:$B$12,2,FALSE) -> 관리 | O2: 003C0100 | P2: 인재양성팀 | Q2: =VLOOKUP(O2,부서코드!$B$9:$C$244,2,FALSE) -> 인재양성팀 | R2: 50 | S2: 1 | T2: 30 | U2: 20210601 | W2: 0 | X2: 1 | Y2: A100 | Z2: 20250101 | AD2: 20190701 | AE2: 20200601 | AH2: 20250101060000 | AI2: SYSTEM | AJ2: 20180724 | AK2: IT201052 | AL2: 0000 | AM2: 19990524 | AO2: 05
A3: IT201267 | B3: 강경식 | C3: 650710 | D3: 72337BB847784A371CC9DE8F1BC90AC4 | E3: 19971021 | F3: 9 | G3: 1 | H3: 12 | I3: 18 | J3: 19 | K3: 4A | L3: 03 | M3: 사무 | N3: =VLOOKUP(L3,직군코드!$A$2:$B$12,2,FALSE) -> 사무 | O3: 003C0100 | P3: 인재양성팀 | Q3: =VLOOKUP(O3,부서코드!$B$9:$C$244,2,FALSE) -> 인재양성팀 | R3: 50 | S3: 1 | T3: 29 | U3: 20260801 | W3: 0 | X3: 1 | Y3: A100 | Z3: 20250101 | AD3: 20220321 | AE3: 20250801 | AF3: 20111224 | AG3: IT201159 | AH3: 20250801060000 | AI3: SYSTEM | AJ3: 20120516 | AK3: IT201159 | AL3: 0000 | AM3: 19971021 | AO3: 03
A4: IT200199 | B4: 김양정 | C4: 650714 | D4: D87CAC87CFBDD0086E88A53ED0C6DF8C | E4: 19990524 | F4: 2 | G4: 2 | H4: 12 | I4: 18 | J4: 19 | K4: 1A | L4: 01 | M4: 관리 | N4: =VLOOKUP(L4,직군코드!$A$2:$B$12,2,FALSE) -> 관리 | O4: 003C0100 | P4: 인재양성팀 | Q4: =VLOOKUP(O4,부서코드!$B$9:$C$244,2,FALSE) -> 인재양성팀 | R4: 50 | S4: 1 | T4: 34 | U4: 20181101 | W4: 0 | X4: 1 | Y4: A100 | Z4: 20250101 | AD4: 20210302 | AE4: 20171101 | AH4: 20250101060000 | AI4: SYSTEM | AJ4: 20120627 | AK4: IT201159 | AL4: 0000 | AM4: 19990524 | AO4: 03
A5: IT200247 | B5: 이명계 | C5: 650725 | D5: 450401ABD7C5BBCD2D7FD3BD81D65382 | E5: 19990524 | F5: 2 | G5: 2 | H5: 12 | I5: 18 | J5: 19 | K5: 2A | L5: 01 | M5: 관리 | N5: =VLOOKUP(L5,직군코드!$A$2:$B$12,2,FALSE) -> 관리 | O5: 003C0100 | P5: 인재양성팀 | Q5: =VLOOKUP(O5,부서코드!$B$9:$C$244,2,FALSE) -> 인재양성팀 | R5: 50 | S5: 1 | T5: 30 | U5: 20200601 | W5: 0 | X5: 1 | Y5: A100 | Z5: 20250101 | AD5: 20190701 | AE5: 20190601 | AH5: 20250101060000 | AI5: SYSTEM | AJ5: 20120627 | AK5: IT201159 | AL5: 0000 | AM5: 19990524 | AO5: 09
A6: IT200102 | B6: 최동진 | C6: 650813 | D6: 916103E3C2834399C435EFC5328D7076 | E6: 19981218 | F6: 2 | G6: 2 | H6: 12 | I6: 18 | J6: 19 | K6: 1A | L6: 01 | M6: 관리 | N6: =VLOOKUP(L6,직군코드!$A$2:$B$12,2,FALSE) -> 관리 | O6: 003C0100 | P6: 인재양성팀 | Q6: =VLOOKUP(O6,부서코드!$B$9:$C$244,2,FALSE) -> 인재양성팀 | R6: 50 | S6: 1 | T6: 25 | U6: 20150501 | W6: 0 | X6: 1 | Y6: A100 | Z6: 20250101 | AD6: 20190701 | AE6: 20140501 | AH6: 20250101060000 | AI6: SYSTEM | AJ6: 20130102 | AK6: IT201159 | AL6: 0000 | AM6: 19981218 | AO6: 07
A7: IT200194 | B7: 전유준 | C7: 650826 | D7: D7CD007391333E0F65060C54AC99C676 | E7: 19990524 | F7: 2 | G7: 2 | H7: 12 | I7: 18 | J7: 19 | K7: 1A | L7: 01 | M7: 관리 | N7: =VLOOKUP(L7,직군코드!$A$2:$B$12,2,FALSE) -> 관리 | O7: 003C0100 | P7: 인재양성팀 | Q7: =VLOOKUP(O7,부서코드!$B$9:$C$244,2,FALSE) -> 인재양성팀 | R7: 50 | S7: 1 | T7: 29 | U7: 20141101 | W7: 0 | X7: 1 | Y7: A100 | Z7: 20250101 | AD7: 20190325 | AE7: 20131101 | AH7: 20250101060000 | AI7: SYSTEM | AJ7: 20120627 | AK7: IT201159 | AL7: 0000 | AM7: 19990524 | AO7: 03
A8: IT200073 | B8: 유창수 | C8: 650828 | D8: 68A2D27596DF88EC84640EBDE4D48332 | E8: 19981016 | F8: 2 | G8: 2 | H8: 12 | I8: 18 | J8: 19 | K8: 1A | L8: 01 | M8: 관리 | N8: =VLOOKUP(L8,직군코드!$A$2:$B$12,2,FALSE) -> 관리 | O8: 003C0100 | P8: 인재양성팀 | Q8: =VLOOKUP(O8,부서코드!$B$9:$C$244,2,FALSE) -> 인재양성팀 | R8: 50 | S8: 1 | T8: 28 | U8: 20200501 | W8: 0 | X8: 1 | Y8: A100 | Z8: 20250101 | AD8: 20220321 | AE8: 20190501 | AH8: 20250101060000 | AI8: SYSTEM | AL8: 0000 | AM8: 19981016 | AO8: 03
A9: IT200072 | B9: 이세형 | C9: 651114 | D9: FC3EAE36846C21C8A74A39B17D9A1100 | E9: 19981016 | F9: 2 | G9: 2 | H9: 12 | I9: 18 | J9: 19 | K9: 1A | L9: 01 | M9: 관리 | N9: =VLOOKUP(L9,직군코드!$A$2:$B$12,2,FALSE) -> 관리 | O9: 003C0100 | P9: 인재양성팀 | Q9: =VLOOKUP(O9,부서코드!$B$9:$C$244,2,FALSE) -> 인재양성팀 | R9: 50 | S9: 1 | T9: 32 | U9: 20191101 | W9: 0 | X9: 1 | Y9: A100 | Z9: 20250101 | AD9: 20220321 | AE9: 20181101 | AH9: 20250101060000 | AI9: SYSTEM | AJ9: 20120627 | AK9: IT201159 | AL9: 0000 | AM9: 19981016 | AO9: 09
A10: IT200319 | B10: 이경원 | C10: 651117 | D10: 55F625168F8701E168B26EE6F0D91557 | E10: 19990524 | F10: 2 | G10: 2 | H10: 12 | I10: 18 | J10: 19 | K10: 2A | L10: 01 | M10: 관리 | N10: =VLOOKUP(L10,직군코드!$A$2:$B$12,2,FALSE) -> 관리 | O10: 003C0100 | P10: 인재양성팀 | Q10: =VLOOKUP(O10,부서코드!$B$9:$C$244,2,FALSE) -> 인재양성팀 | R10: 50 | S10: 1 | T10: 36 | U10: 20210401 | W10: 0 | X10: 1 | Y10: A100 | Z10: 20250101 | AD10: 20200323 | AE10: 20200401 | AH10: 20250101060000 | AI10: SYSTEM | AL10: 0000 | AM10: 19990524 | AO10: 03
A11: IT201511 | B11: 조영민 | C11: 651120 | D11: 4C5FEF2D304355E750E2A725DF1DCE4B | E11: 20160201 | F11: 4 | G11: 1 | H11: 12 | I11: 18 | J11: 19 | K11: 3A | L11: 01 | M11: 관리 | N11: =VLOOKUP(L11,직군코드!$A$2:$B$12,2,FALSE) -> 관리 | O11: 003C0100 | P11: 인재양성팀 | Q11: =VLOOKUP(O11,부서코드!$B$9:$C$244,2,FALSE) -> 인재양성팀 | R11: 50 | S11: 1 | T11: 38 | U11: 20260701 | W11: 0 | X11: 1 | Y11: A100 | Z11: 20250101 | AD11: 20160201 | AE11: 20250701 | AF11: 20160128 | AG11: IT201349 | AH11: 20250701060000 | AI11: SYSTEM | AL11: 0000 | AM11: 20160201 | AO11: 09
A12: IT200301 | B12: 임준경 | C12: 651124 | D12: A5F8F3E06DD96A26ED10246EEDC3597E | E12: 19990524 | F12: 2 | G12: 1 | H12: 12 | I12: 18 | J12: 19 | K12: 3A | L12: 01 | M12: 관리 | N12: =VLOOKUP(L12,직군코드!$A$2:$B$12,2,FALSE) -> 관리 | O12: 003C0100 | P12: 인재양성팀 | Q12: =VLOOKUP(O12,부서코드!$B$9:$C$244,2,FALSE) -> 인재양성팀 | R12: 50 | S12: 1 | T12: 39 | U12: 20260801 | W12: 0 | X12: 1 | Y12: A100 | Z12: 20250101 | AD12: 20180101 | AE12: 20250801 | AH12: 20250801060000 | AI12: SYSTEM | AL12: 0000 | AM12: 19990524 | AO12: 08
A13: IT200266 | B13: 최승욱 | C13: 651216 | D13: 735538847D2EDC474BF29EB928B1335E | E13: 19990524 | F13: 2 | G13: 2 | H13: 12 | I13: 18 | J13: 19 | K13: 2A | L13: 01 | M13: 관리 | N13: =VLOOKUP(L13,직군코드!$A$2:$B$12,2,FALSE) -> 관리 | O13: 003C0100 | P13: 인재양성팀 | Q13: =VLOOKUP(O13,부서코드!$B$9:$C$244,2,FALSE) -> 인재양성팀 | R13: 50 | S13: 1 | T13: 35 | U13: 20220601 | W13: 0 | X13: 1 | Y13: A100 | Z13: 20250101 | AD13: 20200921 | AE13: 20210601 | AH13: 20250101060000 | AI13: SYSTEM | AJ13: 20130729 | AK13: IT201159 | AL13: 0000 | AM13: 19990524 | AO13: 05
A14: IT200137 | B14: 김성철 | C14: 660113 | D14: B48447388BC7021D9BDA6AA36892AEE2 | E14: 19990302 | F14: 2 | G14: 2 | H14: 12 | I14: 18 | J14: 19 | K14: 1A | L14: 01 | M14: 관리 | N14: =VLOOKUP(L14,직군코드!$A$2:$B$12,2,FALSE) -> 관리 | O14: 003C0100 | P14: 인재양성팀 | Q14: =VLOOKUP(O14,부서코드!$B$9:$C$244,2,FALSE) -> 인재양성팀 | R14: 50 | S14: 1 | T14: 35 | U14: 20200701 | W14: 0 | X14: 1 | Y14: A100 | Z14: 20250701 | AD14: 20230530 | AE14: 20190701 | AH14: 20250701060000 | AI14: SYSTEM | AJ14: 20120627 | AK14: IT201159 | AL14: 0000 | AM14: 19990302 | AO14: 11
A15: IT200275 | B15: 이재남 | C15: 660118 | D15: 4498285206B9E73F7CD5EF0C3E3363DB | E15: 19990524 | F15: 2 | G15: 2 | H15: 12 | I15: 18 | J15: 19 | K15: 3A | L15: 01 | M15: 관리 | N15: =VLOOKUP(L15,직군코드!$A$2:$B$12,2,FALSE) -> 관리 | O15: n | P15: #N/A | Q15: =VLOOKUP(O15,부서코드!$B$9:$C$244,2,FALSE) -> #N/A | R15: 50 | S15: 1 | T15: 34 | U15: 20230701 | W15: 0 | X15: 1 | Y15: A100 | Z15: 20250701 | AD15: 20190701 | AE15: 20220701 | AH15: 20250701060000 | AI15: SYSTEM | AL15: 0000 | AM15: 19990524 | AO15: 03
A16: IT200208 | B16: 장선용 | C16: 660220 | D16: E5D48FB720713E0CD3B5D2B586C2E44B | E16: 19990524 | F16: 2 | G16: 2 | H16: 12 | I16: 18 | J16: 19 | K16: 2A | L16: 01 | M16: 관리 | N16: =VLOOKUP(L16,직군코드!$A$2:$B$12,2,FALSE) -> 관리 | O16: 003C0100 | P16: 인재양성팀 | Q16: =VLOOKUP(O16,부서코드!$B$9:$C$244,2,FALSE) -> 인재양성팀 | R16: 50 | S16: 1 | T16: 32 | U16: 20190501 | W16: 0 | X16: 1 | Y16: A100 | Z16: 20250701 | AD16: 20180101 | AE16: 20180501 | AH16: 20250701060000 | AI16: SYSTEM | AJ16: 20130331 | AK16: IT200834 | AL16: 0000 | AM16: 19990524 | AO16: 10
A17: IT201428 | B17: 고명주 | C17: 660228 | D17: E07B7F520F7954C17A68CAB207E55F08 | E17: 20150330 | F17: 4 | G17: 2 | H17: 12 | I17: 18 | J17: 19 | K17: 3A | L17: 01 | M17: 관리 | N17: =VLOOKUP(L17,직군코드!$A$2:$B$12,2,FALSE) -> 관리 | O17: 003C0100 | P17: 인재양성팀 | Q17: =VLOOKUP(O17,부서코드!$B$9:$C$244,2,FALSE) -> 인재양성팀 | R17: 50 | S17: 1 | T17: 37 | U17: 20250401 | W17: 0 | X17: 1 | Y17: A100 | Z17: 20250701 | AD17: 20150330 | AE17: 20240401 | AF17: 20150327 | AG17: IT200354 | AH17: 20250701060000 | AI17: SYSTEM | AL17: 0000 | AM17: 20150330 | AO17: 03
A18: IT200331 | B18: 김철호 | C18: 660317 | D18: E5D2E5561839EA7B2EB612FED48E53EA | E18: 19990524 | F18: 2 | G18: 2 | H18: 12 | I18: 18 | J18: 19 | K18: 2A | L18: 01 | M18: 관리 | N18: =VLOOKUP(L18,직군코드!$A$2:$B$12,2,FALSE) -> 관리 | O18: 003C0100 | P18: 인재양성팀 | Q18: =VLOOKUP(O18,부서코드!$B$9:$C$244,2,FALSE) -> 인재양성팀 | R18: 50 | S18: 1 | T18: 32 | U18: 20230501 | W18: 0 | X18: 1 | Y18: A100 | Z18: 20250701 | AD18: 20241031 | AE18: 20220501 | AH18: 20250701060000 | AI18: SYSTEM | AL18: 0000 | AM18: 19990524 | AO18: 12
A19: IT200826 | B19: 이주현 | C19: 660415 | D19: 9CD5B306CFD5838B54F2E42010695F2D | E19: 19990910 | F19: 2 | G19: 1 | H19: 12 | I19: 18 | J19: 19 | K19: 3A | L19: 01 | M19: 관리 | N19: =VLOOKUP(L19,직군코드!$A$2:$B$12,2,FALSE) -> 관리 | O19: 003C0100 | P19: 인재양성팀 | Q19: =VLOOKUP(O19,부서코드!$B$9:$C$244,2,FALSE) -> 인재양성팀 | R19: 50 | S19: 1 | T19: 34 | U19: 20260901 | W19: 0 | X19: 1 | Y19: A100 | Z19: 20250701 | AD19: 20210927 | AE19: 20250901 | AH19: 20250901060000 | AI19: SYSTEM | AL19: 0000 | AM19: 19990910 | AO19: 11
A20: IT201230 | B20: 최순양 | C20: 660415 | D20: 3468ED4DA1A7AF70EDD4BF1FDEF9112D | E20: 20110829 | F20: 4 | G20: 1 | H20: 12 | I20: 18 | J20: 19 | K20: 4A | L20: 19 | M20: 차량 | N20: =VLOOKUP(L20,직군코드!$A$2:$B$12,2,FALSE) -> 차량 | O20: 003C0100 | P20: 인재양성팀 | Q20: =VLOOKUP(O20,부서코드!$B$9:$C$244,2,FALSE) -> 인재양성팀 | R20: 50 | S20: 2 | T20: 33 | U20: 20260201 | W20: 0 | X20: 1 | Y20: A100 | Z20: 20250701 | AA20: H20 | AC20: C | AD20: 20210927 | AE20: 20250201 | AF20: 20110826 | AG20: IT201074 | AH20: 20250701060000 | AI20: SYSTEM | AL20: 0000 | AM20: 20110829 | AO20: 11
A21: IT201249 | B21: 이승준 | C21: 660426 | D21: 683248E27A3DE597FA638BD52B41963F | E21: 19971001 | F21: 9 | G21: 2 | H21: 12 | I21: 18 | J21: 19 | K21: 2A | L21: 01 | M21: 관리 | N21: =VLOOKUP(L21,직군코드!$A$2:$B$12,2,FALSE) -> 관리 | O21: 003C0100 | P21: 인재양성팀 | Q21: =VLOOKUP(O21,부서코드!$B$9:$C$244,2,FALSE) -> 인재양성팀 | R21: 50 | S21: 1 | T21: 34 | U21: 20200101 | W21: 0 | X21: 1 | Y21: A100 | Z21: 20250701 | AD21: 20190101 | AE21: 20190101 | AF21: 20111224 | AG21: IT201159 | AH21: 20250701060000 | AI21: SYSTEM | AJ21: 20130102 | AK21: IT201159 | AL21: 0000 | AM21: 19971001 | AO21: 03
A22: IT200113 | B22: 이창호 | C22: 660511 | D22: 3A8A9E3537D38D6FF4065040319A48A9 | E22: 19990222 | F22: 2 | G22: 2 | H22: 12 | I22: 18 | J22: 19 | K22: 3A | L22: 01 | M22: 관리 | N22: =VLOOKUP(L22,직군코드!$A$2:$B$12,2,FALSE) -> 관리 | O22: 003C0100 | P22: 인재양성팀 | Q22: =VLOOKUP(O22,부서코드!$B$9:$C$244,2,FALSE) -> 인재양성팀 | R22: 50 | S22: 1 | T22: 28 | U22: 20230401 | W22: 0 | X22: 1 | Y22: A100 | Z22: 20250701 | AD22: 20180928 | AE22: 20220401 | AH22: 20250701060000 | AI22: SYSTEM | AL22: 0000 | AM22: 19990222 | AO22: 03
A23: IT200313 | B23: 이래문 | C23: 660713 | D23: 3AC527A1A9931F24645399CF8E6BEEBE | E23: 19990524 | F23: 2 | G23: 1 | H23: 12 | I23: 18 | J23: 19 | K23: 3A | L23: 01 | M23: 관리 | N23: =VLOOKUP(L23,직군코드!$A$2:$B$12,2,FALSE) -> 관리 | O23: 002A0201 | P23: 동막신호파트 | Q23: =VLOOKUP(O23,부서코드!$B$9:$C$244,2,FALSE) -> 동막신호파트 | R23: 24 | S23: 1 | T23: 38 | U23: 20260401 | W23: 0 | X23: 0 | Y23: B100 | Z23: 20220321 | AD23: 20220321 | AE23: 20250401 | AH23: 20250401060000 | AI23: SYSTEM | AJ23: 20130102 | AK23: IT201159 | AL23: 0000 | AM23: 19990524 | AO23: 05
A24: IT200038 | B24: 윤동렬 | C24: 660717 | D24: 837A59BE9FF950293D3B72BA77156980 | E24: 19980521 | F24: 1 | G24: 2 | H24: 12 | I24: 18 | J24: 19 | K24: 2A | L24: 01 | M24: 관리 | N24: =VLOOKUP(L24,직군코드!$A$2:$B$12,2,FALSE) -> 관리 | O24: 003C0200 | P24: 기술전수팀 | Q24: =VLOOKUP(O24,부서코드!$B$9:$C$244,2,FALSE) -> 기술전수팀 | R24: 34 | S24: 1 | T24: 28 | U24: 20200501 | W24: 0 | X24: 1 | Y24: A100 | Z24: 20230327 | AD24: 20180701 | AE24: 20190501 | AH24: 20230327060000 | AI24: SYSTEM | AJ24: 20120627 | AK24: IT201159 | AL24: 0000 | AM24: 19980521 | AO24: 11
A25: IT200811 | B25: 김성률 | C25: 660913 | D25: F391359D10BFE5022B0C28268D89B589 | E25: 19990809 | F25: 2 | G25: 2 | H25: 12 | I25: 18 | J25: 19 | K25: 2A | L25: 01 | M25: 관리 | N25: =VLOOKUP(L25,직군코드!$A$2:$B$12,2,FALSE) -> 관리 | O25: 003C0200 | P25: 기술전수팀 | Q25: =VLOOKUP(O25,부서코드!$B$9:$C$244,2,FALSE) -> 기술전수팀 | R25: 34 | S25: 1 | T25: 30 | U25: 20210701 | W25: 0 | X25: 1 | Y25: A100 | Z25: 20250929 | AD25: 20190325 | AE25: 20200701 | AH25: 20250929060000 | AI25: SYSTEM | AJ25: 20120817 | AK25: IT200897 | AL25: 0000 | AM25: 19990809 | AO25: 03
A26: IT200307 | B26: 이영일 | C26: 661105 | D26: A5CE65E95CC9A0871B73D060F7B88A0B | E26: 19990524 | F26: 2 | G26: 1 | H26: 12 | I26: 18 | J26: 19 | K26: 3A | L26: 01 | M26: 관리 | N26: =VLOOKUP(L26,직군코드!$A$2:$B$12,2,FALSE) -> 관리 | O26: 003B0304 | P26: 7호선전자파트 | Q26: =VLOOKUP(O26,부서코드!$B$9:$C$244,2,FALSE) -> 7호선전자파트 | R26: 24 | S26: 1 | T26: 35 | U26: 20260801 | W26: 0 | X26: 0 | Y26: C180 | Z26: 20240329 | AD26: 20200921 | AE26: 20250801 | AH26: 20250801060000 | AI26: SYSTEM | AL26: 0000 | AM26: 19990524 | AO26: 07
A27: IT201430 | B27: 황치성 | C27: 661117 | D27: 7E710CD2C2B25DC4F2BDCE2DD7A65F6F | E27: 20150330 | F27: 4 | G27: 2 | H27: 12 | I27: 18 | J27: 19 | K27: 1A | L27: 01 | M27: 관리 | N27: =VLOOKUP(L27,직군코드!$A$2:$B$12,2,FALSE) -> 관리 | O27: 003C0200 | P27: 기술전수팀 | Q27: =VLOOKUP(O27,부서코드!$B$9:$C$244,2,FALSE) -> 기술전수팀 | R27: 31 | S27: 1 | T27: 32 | U27: 20211001 | W27: 0 | X27: 1 | Y27: A100 | Z27: 20250929 | AD27: 20230925 | AE27: 20201001 | AF27: 20150327 | AG27: IT200354 | AH27: 20250929060000 | AI27: SYSTEM | AL27: 0000 | AM27: 20150330 | AO27: 03
A28: IT200164 | B28: 임쌍봉 | C28: 661202 | D28: 1AAAEDB10E5DD4E9FF5E6AEADA5CE0B1 | E28: 19990302 | F28: 2 | G28: 2 | H28: 12 | I28: 18 | J28: 19 | K28: 1A | L28: 01 | M28: 관리 | N28: =VLOOKUP(L28,직군코드!$A$2:$B$12,2,FALSE) -> 관리 | O28: 003C0200 | P28: 기술전수팀 | Q28: =VLOOKUP(O28,부서코드!$B$9:$C$244,2,FALSE) -> 기술전수팀 | R28: 31 | S28: 1 | T28: 34 | U28: 20210301 | W28: 0 | X28: 1 | Y28: A100 | Z28: 20250929 | AD28: 20250310 | AE28: 20200301 | AH28: 20250929060000 | AI28: SYSTEM | AL28: 0000 | AM28: 19990302 | AO28: 07
A29: IT200091 | B29: 백봉현 | C29: 670106 | D29: 53A2A4451BFDB67B07CC81EEFC0F197A | E29: 19981112 | F29: 2 | G29: 2 | H29: 12 | I29: 18 | J29: 19 | K29: 2A | L29: 01 | M29: 관리 | N29: =VLOOKUP(L29,직군코드!$A$2:$B$12,2,FALSE) -> 관리 | O29: 003C0200 | P29: 기술전수팀 | Q29: =VLOOKUP(O29,부서코드!$B$9:$C$244,2,FALSE) -> 기술전수팀 | R29: 34 | S29: 1 | T29: 33 | U29: 20201001 | W29: 0 | X29: 1 | Y29: A100 | Z29: 20250724 | AD29: 20180701 | AE29: 20191001 | AH29: 20250724060000 | AI29: SYSTEM | AJ29: 20120627 | AK29: IT201159 | AL29: 0000 | AM29: 19981112 | AO29: 08
A30: IT200816 | B30: 배성원 | C30: 670117 | D30: 3A0F0929328AAF8101F11D582209DF0A | E30: 19990809 | F30: 2 | G30: 2 | H30: 12 | I30: 18 | J30: 19 | K30: 2A | L30: 01 | M30: 관리 | N30: =VLOOKUP(L30,직군코드!$A$2:$B$12,2,FALSE) -> 관리 | O30: 003C0200 | P30: 기술전수팀 | Q30: =VLOOKUP(O30,부서코드!$B$9:$C$244,2,FALSE) -> 기술전수팀 | R30: 34 | S30: 1 | T30: 32 | U30: 20210301 | W30: 0 | X30: 1 | Y30: A100 | Z30: 20250724 | AD30: 20190325 | AE30: 20200301 | AH30: 20250724060000 | AI30: SYSTEM | AJ30: 20120627 | AK30: IT201159 | AL30: 0000 | AM30: 19990809 | AO30: 09
A31: IT200318 | B31: 이광조 | C31: 670301 | D31: 062107A97933392543FDC1F88EB57C74 | E31: 19990524 | F31: 2 | G31: 1 | H31: 12 | I31: 18 | J31: 19 | K31: 3A | L31: 01 | M31: 관리 | N31: =VLOOKUP(L31,직군코드!$A$2:$B$12,2,FALSE) -> 관리 | O31: 002A0301 | P31: 지식정보단지통신파트 | Q31: =VLOOKUP(O31,부서코드!$B$9:$C$244,2,FALSE) -> 지식정보단지통신파트 | R31: 24 | S31: 1 | T31: 37 | U31: 20260801 | W31: 0 | X31: 0 | Y31: B100 | Z31: 20240329 | AD31: 20200921 | AE31: 20250801 | AH31: 20250801060000 | AI31: SYSTEM | AL31: 0000 | AM31: 19990524 | AO31: 06
A32: IT200321 | B32: 한인숙 | C32: 670315 | D32: 43B99E5A46EF0ACBA1DAA386A61D2538 | E32: 19990524 | F32: 2 | G32: 2 | H32: 12 | I32: 18 | J32: 19 | K32: 3A | L32: 01 | M32: 관리 | N32: =VLOOKUP(L32,직군코드!$A$2:$B$12,2,FALSE) -> 관리 | O32: 000W0100 | P32: 교통연수팀 | Q32: =VLOOKUP(O32,부서코드!$B$9:$C$244,2,FALSE) -> 교통연수팀 | R32: 21 | S32: 1 | T32: 33 | U32: 20220501 | W32: 0 | X32: 0 | Y32: C1B0 | Z32: 20241022 | AD32: 20180701 | AE32: 20210501 | AH32: 20250404060000 | AI32: SYSTEM | AL32: 0000 | AM32: 19990524 | AO32: 03
A33: IT200061 | B33: 유창하 | C33: 670329 | D33: 20FDED601B34A14D2EF3AA0C645FA69E | E33: 19981007 | F33: 2 | G33: 2 | H33: 12 | I33: 18 | J33: 19 | K33: 2A | L33: 01 | M33: 관리 | N33: =VLOOKUP(L33,직군코드!$A$2:$B$12,2,FALSE) -> 관리 | O33: 003C0200 | P33: 기술전수팀 | Q33: =VLOOKUP(O33,부서코드!$B$9:$C$244,2,FALSE) -> 기술전수팀 | R33: 34 | S33: 1 | T33: 36 | U33: 20241201 | W33: 0 | X33: 1 | Y33: A100 | Z33: 20250404 | AD33: 20240329 | AE33: 20231201 | AH33: 20250404060000 | AI33: SYSTEM | AL33: 0000 | AM33: 19981007 | AO33: 07
A34: IT200339 | B34: 현광진 | C34: 670401 | D34: 42E99D43F45FDB3076F118F7AF5A4A85 | E34: 19990524 | F34: 2 | G34: 1 | H34: 12 | I34: 18 | J34: 19 | K34: 3A | L34: 01 | M34: 관리 | N34: =VLOOKUP(L34,직군코드!$A$2:$B$12,2,FALSE) -> 관리 | O34: 000K0300 | P34: 귤현중정비팀 | Q34: =VLOOKUP(O34,부서코드!$B$9:$C$244,2,FALSE) -> 귤현중정비팀 | R34: 21 | S34: 1 | T34: 34 | U34: 20260901 | W34: 0 | X34: 0 | Y34: B100 | Z34: 20240101 | AD34: 20200330 | AE34: 20250901 | AH34: 20250901060000 | AI34: SYSTEM | AL34: 0000 | AM34: 19990524 | AO34: 11
A35: IT201254 | B35: 김영순 | C35: 670730 | D35: C7874BED8776CFFD27838480BDDE764B | E35: 20061201 | F35: 9 | G35: 1 | H35: 12 | I35: 18 | J35: 19 | K35: 2A | L35: 01 | M35: 관리 | N35: =VLOOKUP(L35,직군코드!$A$2:$B$12,2,FALSE) -> 관리 | O35: 000N0470 | P35: 검단오류관리역 | Q35: =VLOOKUP(O35,부서코드!$B$9:$C$244,2,FALSE) -> 검단오류관리역 | R35: 22 | S35: 1 | T35: 37 | U35: 20260101 | W35: 0 | X35: 0 | Y35: B1V0 | Z35: 20241022 | AD35: 20250310 | AE35: 20250101 | AF35: 20111224 | AG35: IT201159 | AH35: 20250310060000 | AI35: SYSTEM | AJ35: 20120516 | AK35: IT201159 | AL35: 0000 | AM35: 20061201 | AO35: 03
A36: IT200251 | B36: 하태신 | C36: 670810 | D36: 10396E8ED9DEF236E47380F51BA2794B | E36: 19990524 | F36: 2 | G36: 1 | H36: 12 | I36: 18 | J36: 19 | K36: 3A | L36: 01 | M36: 관리 | N36: =VLOOKUP(L36,직군코드!$A$2:$B$12,2,FALSE) -> 관리 | O36: 002B0101 | P36: 작전토목파트 | Q36: =VLOOKUP(O36,부서코드!$B$9:$C$244,2,FALSE) -> 작전토목파트 | R36: 24 | S36: 1 | T36: 35 | U36: 20251201 | W36: 0 | X36: 0 | Y36: B100 | Z36: 20250311 | AD36: 20160229 | AE36: 20241201 | AH36: 20250311060000 | AI36: SYSTEM | AL36: 0000 | AM36: 19990524 | AO36: 08
A37: IT201241 | B37: 최종국 | C37: 670817 | D37: E49F4DC3F0612EF003BA35BC12391181 | E37: 19971001 | F37: 9 | G37: 2 | H37: 12 | I37: 18 | J37: 19 | K37: 2A | L37: 01 | M37: 관리 | N37: =VLOOKUP(L37,직군코드!$A$2:$B$12,2,FALSE) -> 관리 | O37: 000N0410 | P37: 인천대공원관리역 | Q37: =VLOOKUP(O37,부서코드!$B$9:$C$244,2,FALSE) -> 인천대공원관리역 | R37: 22 | S37: 1 | T37: 35 | U37: 20210101 | W37: 0 | X37: 0 | Y37: B1V0 | Z37: 20241022 | AD37: 20190701 | AE37: 20200101 | AF37: 20111224 | AG37: IT201159 | AH37: 20241022060000 | AI37: SYSTEM | AJ37: 20120725 | AK37: IT200860 | AL37: 0000 | AM37: 19971001 | AO37: 03
A38: IT200104 | B38: 이제철 | C38: 670819 | D38: C89F8BC7CEE8FF2587F71B21A694B659 | E38: 19981218 | F38: 2 | G38: 2 | H38: 12 | I38: 18 | J38: 19 | K38: 1A | L38: 01 | M38: 관리 | N38: =VLOOKUP(L38,직군코드!$A$2:$B$12,2,FALSE) -> 관리 | O38: 000H0100 | P38: 철도안전팀 | Q38: =VLOOKUP(O38,부서코드!$B$9:$C$244,2,FALSE) -> 철도안전팀 | R38: 1B | S38: 1 | T38: 29 | U38: 20180701 | W38: 0 | X38: 0 | Y38: B200 | Z38: 20230227 | AD38: 20200323 | AE38: 20170701 | AH38: 20230327060000 | AI38: SYSTEM | AJ38: 20120627 | AK38: IT201159 | AL38: 0000 | AM38: 19981218 | AO38: 05
A39: IT200053 | B39: 현웅대 | C39: 670923 | D39: 8B73E595BC1F1E1984D1E054D715D5DB | E39: 19981007 | F39: 2 | G39: 2 | H39: 12 | I39: 18 | J39: 19 | K39: 1A | L39: 01 | M39: 관리 | N39: =VLOOKUP(L39,직군코드!$A$2:$B$12,2,FALSE) -> 관리 | O39: 000W0100 | P39: 교통연수팀 | Q39: =VLOOKUP(O39,부서코드!$B$9:$C$244,2,FALSE) -> 교통연수팀 | R39: 1G | S39: 1 | T39: 26 | U39: 20150501 | W39: 0 | X39: 0 | Y39: C1B0 | Z39: 20250929 | AD39: 20200921 | AE39: 20140501 | AH39: 20250929060000 | AI39: SYSTEM | AJ39: 20120627 | AK39: IT201159 | AL39: 0000 | AM39: 19981007 | AO39: 03
A40: IT200303 | B40: 김완기 | C40: 671027 | D40: 862543C29B660BAA7DA5E47240362F9D | E40: 19990524 | F40: 2 | G40: 1 | H40: 12 | I40: 18 | J40: 19 | K40: 3A | L40: 01 | M40: 관리 | N40: =VLOOKUP(L40,직군코드!$A$2:$B$12,2,FALSE) -> 관리 | O40: 002B0108 | P40: 동막토목파트 | Q40: =VLOOKUP(O40,부서코드!$B$9:$C$244,2,FALSE) -> 동막토목파트 | R40: 24 | S40: 1 | T40: 38 | U40: 20260701 | W40: 0 | X40: 0 | Y40: B100 | Z40: 20250311 | AD40: 20180101 | AE40: 20250701 | AH40: 20250701060000 | AI40: SYSTEM | AL40: 0000 | AM40: 19990524 | AO40: 08
A41: IT200088 | B41: 김미영 | C41: 671101 | D41: 57DAF0E8119C555A48398E033EC704EE | E41: 19981112 | F41: 2 | G41: 2 | H41: 12 | I41: 18 | J41: 19 | K41: 1A | L41: 01 | M41: 관리 | N41: =VLOOKUP(L41,직군코드!$A$2:$B$12,2,FALSE) -> 관리 | O41: 00030500 | P41: #N/A | Q41: =VLOOKUP(O41,부서코드!$B$9:$C$244,2,FALSE) -> #N/A | R41: 0A | S41: 1 | T41: 28 | U41: 20181001 | W41: 0 | X41: 0 | Y41: A100 | Z41: 20250929 | AD41: 20200323 | AE41: 20171001 | AH41: 20250929060000 | AI41: SYSTEM | AJ41: 20120627 | AK41: IT201159 | AL41: 0000 | AM41: 19981112 | AO41: 03
A42: IT201264 | B42: 이승훈 | C42: 671110 | D42: F52D93E814FA58C6F8165CED00642C45 | E42: 19971001 | F42: 9 | G42: 1 | H42: 12 | I42: 18 | J42: 19 | K42: 3A | L42: 01 | M42: 관리 | N42: =VLOOKUP(L42,직군코드!$A$2:$B$12,2,FALSE) -> 관리 | O42: 002B0206 | P42: 인천시청기계파트 | Q42: =VLOOKUP(O42,부서코드!$B$9:$C$244,2,FALSE) -> 인천시청기계파트 | R42: 24 | S42: 1 | T42: 28 | U42: 20260801 | W42: 0 | X42: 0 | Y42: B1V0 | Z42: 20250311 | AD42: 20200330 | AE42: 20250801 | AF42: 20111224 | AG42: IT201159 | AH42: 20250801060000 | AI42: SYSTEM | AJ42: 20120516 | AK42: IT201159 | AL42: 0000 | AM42: 19971001 | AO42: 10
A43: IT200250 | B43: 이상복 | C43: 671113 | D43: FC1D4D1573A475BB6CD526CFD3FC3C36 | E43: 19990524 | F43: 2 | G43: 2 | H43: 12 | I43: 18 | J43: 19 | K43: 1A | L43: 01 | M43: 관리 | N43: =VLOOKUP(L43,직군코드!$A$2:$B$12,2,FALSE) -> 관리 | O43: 000F0100 | P43: 토목궤도팀 | Q43: =VLOOKUP(O43,부서코드!$B$9:$C$244,2,FALSE) -> 토목궤도팀 | R43: 1D | S43: 1 | T43: 29 | U43: 20210701 | W43: 0 | X43: 0 | Y43: B200 | Z43: 20241022 | AD43: 20240329 | AE43: 20200701 | AH43: 20250617165217 | AI43: IT201286 | AJ43: 20120627 | AK43: IT201159 | AL43: 0000 | AM43: 19990524 | AO43: 10
A44: IT200269 | B44: 김철희 | C44: 671120 | D44: 93983A79CA7FEEC329015CEE04C402FC | E44: 19990524 | F44: 2 | G44: 2 | H44: 12 | I44: 18 | J44: 19 | K44: 2A | L44: 01 | M44: 관리 | N44: =VLOOKUP(L44,직군코드!$A$2:$B$12,2,FALSE) -> 관리 | O44: 002A0300 | P44: 통신관리팀 | Q44: =VLOOKUP(O44,부서코드!$B$9:$C$244,2,FALSE) -> 통신관리팀 | R44: 21 | S44: 1 | T44: 29 | U44: 20220201 | W44: 0 | X44: 0 | Y44: B200 | Z44: 20220321 | AD44: 20220321 | AE44: 20210201 | AH44: 20220321060000 | AI44: SYSTEM | AL44: 0000 | AM44: 19990524 | AO44: 06
A45: IT201109 | B45: 이광희 | C45: 671208 | D45: D9CB789AE29494AC4186EBC4615C8C5F | E45: 20040626 | F45: 1 | G45: 1 | H45: 91 | I45: 91 | J45: 91 | K45: 9Z | L45: 91 | M45: 청경 | N45: =VLOOKUP(L45,직군코드!$A$2:$B$12,2,FALSE) -> 청경 | O45: 000H0400 | P45: 재난비상관리팀 | Q45: =VLOOKUP(O45,부서코드!$B$9:$C$244,2,FALSE) -> 재난비상관리팀 | R45: 92 | S45: 1 | T45: 27 | U45: 20260101 | W45: 0 | X45: 0 | Y45: A100 | Z45: 20210927 | AD45: 20040626 | AE45: 20250101 | AF45: 20040624 | AG45: IT200319 | AH45: 20250101060000 | AI45: SYSTEM | AL45: 0000 | AM45: 20040626 | AO45: 80
A46: IT201255 | B46: 전미숙 | C46: 671210 | D46: 12A540DE4BE1484B5499A1C19577E37D | E46: 19970301 | F46: 9 | G46: 1 | H46: 12 | I46: 18 | J46: 19 | K46: 3A | L46: 01 | M46: 관리 | N46: =VLOOKUP(L46,직군코드!$A$2:$B$12,2,FALSE) -> 관리 | O46: 000N0420 | P46: 2호선시청관리역 | Q46: =VLOOKUP(O46,부서코드!$B$9:$C$244,2,FALSE) -> 2호선시청관리역 | R46: 22 | S46: 1 | T46: 37 | U46: 20260101 | W46: 0 | X46: 0 | Y46: B1V0 | Z46: 20241022 | AD46: 20210927 | AE46: 20250101 | AF46: 20111224 | AG46: IT201159 | AH46: 20250101060000 | AI46: SYSTEM | AJ46: 20130102 | AK46: IT201159 | AL46: 0000 | AM46: 19970301 | AO46: 03
A47: IT200273 | B47: 장성준 | C47: 671225 | D47: 0AF08B7968D49BB4A2E555490816105F | E47: 19990524 | F47: 2 | G47: 2 | H47: 12 | I47: 18 | J47: 19 | K47: 1A | L47: 01 | M47: 관리 | N47: =VLOOKUP(L47,직군코드!$A$2:$B$12,2,FALSE) -> 관리 | O47: 003B0100 | P47: 7호선역무팀 | Q47: =VLOOKUP(O47,부서코드!$B$9:$C$244,2,FALSE) -> 7호선역무팀 | R47: 1E | S47: 1 | T47: 28 | U47: 20190601 | W47: 0 | X47: 0 | Y47: C180 | Z47: 20250929 | AD47: 20241031 | AE47: 20180601 | AH47: 20250929060000 | AI47: SYSTEM | AL47: 0000 | AM47: 19990524 | AO47: 03
A48: IT200809 | B48: 서봉주 | C48: 680128 | D48: 27F600CCF1D4D782B446C7BAB32987FF | E48: 19990809 | F48: 2 | G48: 2 | H48: 12 | I48: 18 | J48: 19 | K48: 1A | L48: 01 | M48: 관리 | N48: =VLOOKUP(L48,직군코드!$A$2:$B$12,2,FALSE) -> 관리 | O48: 00030500 | P48: #N/A | Q48: =VLOOKUP(O48,부서코드!$B$9:$C$244,2,FALSE) -> #N/A | R48: 1D | S48: 1 | T48: 30 | U48: 20191001 | W48: 0 | X48: 0 | Y48: A100 | Z48: 20250929 | AD48: 20220321 | AE48: 20181001 | AH48: 20250929060000 | AI48: SYSTEM | AJ48: 20120627 | AK48: IT201159 | AL48: 0000 | AM48: 19990809 | AO48: 03
A49: IT201265 | B49: 이동형 | C49: 680213 | D49: 1329651259DC01F05425154E1E337566 | E49: 19971001 | F49: 9 | G49: 1 | H49: 12 | I49: 18 | J49: 19 | K49: 4A | L49: 03 | M49: 사무 | N49: =VLOOKUP(L49,직군코드!$A$2:$B$12,2,FALSE) -> 사무 | O49: 000N0148 | P49: 인천터미널역 | Q49: =VLOOKUP(O49,부서코드!$B$9:$C$244,2,FALSE) -> 인천터미널역 | R49: 42 | S49: 2 | T49: 36 | U49: 20260701 | W49: 0 | X49: 1 | Y49: B100 | Z49: 20240329 | AA49: A13 | AC49: D | AD49: 20200921 | AE49: 20250701 | AF49: 20111224 | AG49: IT201159 | AH49: 20250701060000 | AI49: SYSTEM | AJ49: 20120516 | AK49: IT201159 | AL49: 0000 | AM49: 19971001 | AO49: 03
A50: IT201642 | B50: 최중호 | C50: 680220 | D50: 77B130DAA1E55A0E90A5A119EF1BEB98 | E50: 20160502 | F50: 1 | G50: 1 | H50: 12 | I50: 18 | J50: 19 | K50: 6A | L50: 03 | M50: 사무 | N50: =VLOOKUP(L50,직군코드!$A$2:$B$12,2,FALSE) -> 사무 | O50: 000N0167 | P50: 부평구청역 | Q50: =VLOOKUP(O50,부서코드!$B$9:$C$244,2,FALSE) -> 부평구청역 | R50: 50 | S50: 2 | T50: 11 | U50: 20260601 | W50: 0 | X50: 1 | Y50: B100 | Z50: 20250311 | AA50: A13 | AC50: C | AD50: 20230101 | AE50: 20250601 | AF50: 20160427 | AG50: IT200986 | AH50: 20250601060000 | AI50: SYSTEM | AL50: 0000 | AM50: 20160502 | AO50: 03
A51: IT200255 | B51: 오태윤 | C51: 680303 | D51: D0721D5D315D26DDED560249D98827D3 | E51: 19990524 | F51: 2 | G51: 2 | H51: 12 | I51: 18 | J51: 19 | K51: 1A | L51: 01 | M51: 관리 | N51: =VLOOKUP(L51,직군코드!$A$2:$B$12,2,FALSE) -> 관리 | O51: 000G1000 | P51: 전기팀 | Q51: =VLOOKUP(O51,부서코드!$B$9:$C$244,2,FALSE) -> 전기팀 | R51: 1D | S51: 1 | T51: 30 | U51: 20200101 | W51: 0 | X51: 0 | Y51: B200 | Z51: 20241022 | AD51: 20241031 | AE51: 20190101 | AH51: 20241031060000 | AI51: SYSTEM | AJ51: 20120627 | AK51: IT201159 | AL51: 0000 | AM51: 19990524 | AO51: 04
A52: IT200330 | B52: 최재기 | C52: 680320 | D52: 4B309855A8DA107C6C5C5D5A43C9D898 | E52: 19990524 | F52: 2 | G52: 2 | H52: 12 | I52: 18 | J52: 19 | K52: 2A | L52: 01 | M52: 관리 | N52: =VLOOKUP(L52,직군코드!$A$2:$B$12,2,FALSE) -> 관리 | O52: 000E0100 | P52: #N/A | Q52: =VLOOKUP(O52,부서코드!$B$9:$C$244,2,FALSE) -> #N/A | R52: 21 | S52: 1 | T52: 31 | U52: 20231101 | W52: 0 | X52: 0 | Y52: B200 | Z52: 20241022 | AD52: 20240329 | AE52: 20221101 | AH52: 20241022060000 | AI52: SYSTEM | AL52: 0000 | AM52: 19990524 | AO52: 12
A53: IT200152 | B53: 이봉수 | C53: 680323 | D53: F9D4F38D3063AF21E535A1058A457363 | E53: 19990302 | F53: 2 | G53: 2 | H53: 12 | I53: 18 | J53: 19 | K53: 2A | L53: 01 | M53: 관리 | N53: =VLOOKUP(L53,직군코드!$A$2:$B$12,2,FALSE) -> 관리 | O53: 000I0100 | P53: 관제지원팀 | Q53: =VLOOKUP(O53,부서코드!$B$9:$C$244,2,FALSE) -> 관제지원팀 | R53: 1C | S53: 1 | T53: 33 | U53: 20221001 | W53: 0 | X53: 0 | Y53: B100 | Z53: 20240626 | AD53: 20230530 | AE53: 20211001 | AH53: 20240626060000 | AI53: SYSTEM | AL53: 0000 | AM53: 19990302 | AO53: 12
A54: IT200280 | B54: 안광기 | C54: 680408 | D54: F82B481BB02CE6F849ACE2AD8C534323 | E54: 19990524 | F54: 2 | G54: 2 | H54: 12 | I54: 18 | J54: 19 | K54: 1A | L54: 01 | M54: 관리 | N54: =VLOOKUP(L54,직군코드!$A$2:$B$12,2,FALSE) -> 관리 | O54: 000J0100 | P54: 경영감사팀 | Q54: =VLOOKUP(O54,부서코드!$B$9:$C$244,2,FALSE) -> 경영감사팀 | R54: 1B | S54: 1 | T54: 32 | U54: 20221201 | W54: 0 | X54: 0 | Y54: A100 | Z54: 20250929 | AD54: 20241031 | AE54: 20211201 | AH54: 20250929060000 | AI54: SYSTEM | AL54: 0000 | AM54: 19990524 | AO54: 03
A55: IT200297 | B55: 이강준 | C55: 680420 | D55: 99BC6812BA1FE117DD89EB10EC0E5A21 | E55: 19990524 | F55: 2 | G55: 1 | H55: 12 | I55: 18 | J55: 19 | K55: 3A | L55: 01 | M55: 관리 | N55: =VLOOKUP(L55,직군코드!$A$2:$B$12,2,FALSE) -> 관리 | O55: 00070201 | P55: #N/A | Q55: =VLOOKUP(O55,부서코드!$B$9:$C$244,2,FALSE) -> #N/A | R55: 24 | S55: 1 | T55: 37 | U55: 20261101 | W55: 0 | X55: 0 | Y55: B1V0 | Z55: 20250701 | AD55: 20190325 | AE55: 20251101 | AH55: 20251101060000 | AI55: SYSTEM | AL55: 0000 | AM55: 19990524 | AO55: 11
A56: IT201011 | B56: 이영권 | C56: 680616 | D56: 7F8F497F4B7012D2181E1C220383B5BC | E56: 20000601 | F56: 2 | G56: 2 | H56: 12 | I56: 18 | J56: 19 | K56: 1A | L56: 01 | M56: 관리 | N56: =VLOOKUP(L56,직군코드!$A$2:$B$12,2,FALSE) -> 관리 | O56: 000N0100 | P56: 1호선역무팀 | Q56: =VLOOKUP(O56,부서코드!$B$9:$C$244,2,FALSE) -> 1호선역무팀 | R56: 1C | S56: 1 | T56: 28 | U56: 20220701 | W56: 0 | X56: 0 | Y56: B200 | Z56: 20250310 | AD56: 20250310 | AE56: 20210801 | AH56: 20250310060000 | AI56: SYSTEM | AL56: 0000 | AM56: 20000601 | AO56: 03
A57: IT200294 | B57: 김대희 | C57: 680715 | D57: A43FFB5FD1DDEB8B46FBA7526BB8AF6F | E57: 19990524 | F57: 2 | G57: 2 | H57: 12 | I57: 18 | J57: 19 | K57: 2A | L57: 01 | M57: 관리 | N57: =VLOOKUP(L57,직군코드!$A$2:$B$12,2,FALSE) -> 관리 | O57: 00070200 | P57: #N/A | Q57: =VLOOKUP(O57,부서코드!$B$9:$C$244,2,FALSE) -> #N/A | R57: 21 | S57: 1 | T57: 35 | U57: 20250101 | W57: 0 | X57: 0 | Y57: B2V0 | Z57: 20230327 | AD57: 20241031 | AE57: 20240101 | AH57: 20241031060000 | AI57: SYSTEM | AJ57: 20130102 | AK57: IT201159 | AL57: 0000 | AM57: 19990524 | AO57: 11
A58: IT200312 | B58: 박영배 | C58: 680718 | D58: 47223E568FEB3B0438F8C4284A66FE3E | E58: 19990524 | F58: 2 | G58: 1 | H58: 12 | I58: 18 | J58: 19 | K58: 3A | L58: 01 | M58: 관리 | N58: =VLOOKUP(L58,직군코드!$A$2:$B$12,2,FALSE) -> 관리 | O58: 003B0202 | P58: 7호선신호파트 | Q58: =VLOOKUP(O58,부서코드!$B$9:$C$244,2,FALSE) -> 7호선신호파트 | R58: 24 | S58: 1 | T58: 38 | U58: 20260901 | W58: 0 | X58: 0 | Y58: B170 | Z58: 20250311 | AD58: 20180701 | AE58: 20250901 | AH58: 20250901060000 | AI58: SYSTEM | AJ58: 20051116 | AK58: IT200808 | AL58: 0000 | AM58: 19990524 | AO58: 05
A59: IT201208 | B59: 김석 | C59: 680718 | D59: 9E6E587E8CC58D49E39A574487B0723E | E59: 20090209 | F59: 2 | G59: 1 | H59: 12 | I59: 18 | J59: 19 | K59: 4A | L59: 03 | M59: 사무 | N59: =VLOOKUP(L59,직군코드!$A$2:$B$12,2,FALSE) -> 사무 | O59: 000N0463 | P59: 독정역 | Q59: =VLOOKUP(O59,부서코드!$B$9:$C$244,2,FALSE) -> 독정역 | R59: 42 | S59: 2 | T59: 29 | U59: 20260601 | W59: 0 | X59: 1 | Y59: B1V0 | Z59: 20250929 | AA59: A13 | AC59: A | AD59: 20240329 | AE59: 20250601 | AF59: 20090207 | AG59: IT200921 | AH59: 20250929060000 | AI59: SYSTEM | AL59: 0000 | AM59: 20090209 | AO59: 03
A60: IT200329 | B60: 이계신 | C60: 680725 | D60: A61696845D5E70737A43B41A8A7B0FCE | E60: 19990524 | F60: 2 | G60: 2 | H60: 12 | I60: 18 | J60: 19 | K60: 2A | L60: 01 | M60: 관리 | N60: =VLOOKUP(L60,직군코드!$A$2:$B$12,2,FALSE) -> 관리 | O60: 00050100 | P60: #N/A | Q60: =VLOOKUP(O60,부서코드!$B$9:$C$244,2,FALSE) -> #N/A | R60: 1C | S60: 1 | T60: 30 | U60: 20221201 | W60: 0 | X60: 0 | Y60: B200 | Z60: 20230327 | AD60: 20220321 | AE60: 20211201 | AH60: 20241022060000 | AI60: SYSTEM | AL60: 0000 | AM60: 19990524 | AO60: 12
A61: IT200832 | B61: 강상원 | C61: 680730 | D61: 64272FCCA4741DB83C1CDDAFBBBA8AF8 | E61: 19990920 | F61: 1 | G61: 2 | H61: 12 | I61: 18 | J61: 19 | K61: 2A | L61: 01 | M61: 관리 | N61: =VLOOKUP(L61,직군코드!$A$2:$B$12,2,FALSE) -> 관리 | O61: 000C0900 | P61: 스마트정보팀 | Q61: =VLOOKUP(O61,부서코드!$B$9:$C$244,2,FALSE) -> 스마트정보팀 | R61: 21 | S61: 1 | T61: 31 | U61: 20240101 | W61: 0 | X61: 0 | Y61: A100 | Z61: 20230327 | AD61: 20241031 | AE61: 20230101 | AH61: 20241031060000 | AI61: SYSTEM | AL61: 0000 | AM61: 19990920 | AO61: 03
A62: IT200062 | B62: 이준영 | C62: 681006 | D62: 55499D4B66680F562F715C9FA4A84A17 | E62: 19981007 | F62: 2 | G62: 1 | H62: 12 | I62: 18 | J62: 19 | K62: 3A | L62: 01 | M62: 관리 | N62: =VLOOKUP(L62,직군코드!$A$2:$B$12,2,FALSE) -> 관리 | O62: 002B0207 | P62: 캠퍼스타운전자파트 | Q62: =VLOOKUP(O62,부서코드!$B$9:$C$244,2,FALSE) -> 캠퍼스타운전자파트 | R62: 24 | S62: 1 | T62: 37 | U62: 20260601 | W62: 0 | Y62: B100 | Z62: 20250311 | AD62: 20180101 | AE62: 20250601 | AH62: 20250601060000 | AI62: SYSTEM | AL62: 0000 | AM62: 19981007 | AO62: 07
A63: IT201512 | B63: 홍성호 | C63: 681101 | D63: 4F99C4CCCD41C9D7180ADE4678D24CFD | E63: 20160201 | F63: 4 | G63: 2 | H63: 12 | I63: 18 | J63: 19 | K63: 1A | L63: 01 | M63: 관리 | N63: =VLOOKUP(L63,직군코드!$A$2:$B$12,2,FALSE) -> 관리 | O63: 000B0100 | P63: ESG기획팀 | Q63: =VLOOKUP(O63,부서코드!$B$9:$C$244,2,FALSE) -> ESG기획팀 | R63: 1D | S63: 1 | T63: 31 | U63: 20221101 | W63: 0 | X63: 0 | Y63: A100 | Z63: 20250929 | AD63: 20250310 | AE63: 20211201 | AF63: 20160128 | AG63: IT201349 | AH63: 20250929060000 | AI63: SYSTEM | AL63: 0000 | AM63: 20160201 | AO63: 03
A64: IT200299 | B64: 강경찬 | C64: 681109 | D64: FE17E2A3790E1ACF59FB300DB1CD50E1 | E64: 19990524 | F64: 2 | G64: 2 | H64: 12 | I64: 18 | J64: 19 | K64: 2A | L64: 01 | M64: 관리 | N64: =VLOOKUP(L64,직군코드!$A$2:$B$12,2,FALSE) -> 관리 | O64: 0 | P64: 차량승무처 | Q64: =VLOOKUP(O64,부서코드!$B$9:$C$244,2,FALSE) -> 차량승무처 | R64: 1D | S64: 1 | T64: 33 | U64: 20221101 | W64: 0 | X64: 0 | Y64: B200 | Z64: 20250101 | AD64: 20220321 | AE64: 20211101 | AH64: 20250101060000 | AI64: SYSTEM | AL64: 0000 | AM64: 19990524 | AO64: 11
A65: IT200095 | B65: 민경일 | C65: 681207 | D65: 32A22983D2CBEF6299C17D9058DFC732 | E65: 19981112 | F65: 2 | G65: 1 | H65: 12 | I65: 18 | J65: 19 | K65: 3A | L65: 01 | M65: 관리 | N65: =VLOOKUP(L65,직군코드!$A$2:$B$12,2,FALSE) -> 관리 | O65: 002B0205 | P65: 가재울기계파트 | Q65: =VLOOKUP(O65,부서코드!$B$9:$C$244,2,FALSE) -> 가재울기계파트 | R65: 50 | S65: 1 | T65: 34 | U65: 20260501 | W65: 0 | X65: 1 | Y65: B1V0 | Z65: 20250501 | AD65: 20150209 | AE65: 20250501 | AH65: 20250501060000 | AI65: SYSTEM | AL65: 0000 | AM65: 19981112 | AO65: 10
A66: IT201509 | B66: 임창규 | C66: 681210 | D66: 79A7B3FE64B58D127FE51B2FD4CBF937 | E66: 20160201 | F66: 4 | G66: 2 | H66: 12 | I66: 18 | J66: 19 | K66: 3A | L66: 01 | M66: 관리 | N66: =VLOOKUP(L66,직군코드!$A$2:$B$12,2,FALSE) -> 관리 | O66: 003B0120 | P66: 7호선인천관리역 | Q66: =VLOOKUP(O66,부서코드!$B$9:$C$244,2,FALSE) -> 7호선인천관리역 | R66: 22 | S66: 1 | T66: 33 | U66: 20241101 | W66: 0 | X66: 0 | Y66: B170 | Z66: 20250929 | AD66: 20160201 | AE66: 20231101 | AF66: 20160128 | AG66: IT201349 | AH66: 20250929060000 | AI66: SYSTEM | AL66: 0000 | AM66: 20160201 | AO66: 03
A67: IT200351 | B67: 최기훈 | C67: 690114 | D67: A2946C16A7A40A4CFCD06C6153DED9CF | E67: 19990605 | F67: 2 | G67: 1 | H67: 12 | I67: 18 | J67: 19 | K67: 5A | L67: 03 | M67: 사무 | N67: =VLOOKUP(L67,직군코드!$A$2:$B$12,2,FALSE) -> 사무 | O67: 003B0119 | P67: 7호선부평구청역 | Q67: =VLOOKUP(O67,부서코드!$B$9:$C$244,2,FALSE) -> 7호선부평구청역 | R67: 42 | S67: 2 | T67: 29 | U67: 20260101 | W67: 0 | X67: 1 | Y67: B170 | Z67: 20240930 | AA67: A13 | AC67: B | AD67: 20140929 | AE67: 20250101 | AH67: 20250101060000 | AI67: SYSTEM | AL67: 0000 | AM67: 19990605 | AO67: 03
A68: IT200356 | B68: 김대섭 | C68: 690115 | D68: E125F37CB8B43C2BF99FF841D590FE77 | E68: 19990607 | F68: 1 | G68: 2 | H68: 12 | I68: 18 | J68: 19 | K68: 2A | L68: 01 | M68: 관리 | N68: =VLOOKUP(L68,직군코드!$A$2:$B$12,2,FALSE) -> 관리 | O68: 000J0100 | P68: 경영감사팀 | Q68: =VLOOKUP(O68,부서코드!$B$9:$C$244,2,FALSE) -> 경영감사팀 | R68: 21 | S68: 1 | T68: 27 | U68: 20231101 | W68: 0 | X68: 0 | Y68: A100 | Z68: 20230327 | AD68: 20210302 | AE68: 20221101 | AH68: 20250728060000 | AI68: SYSTEM | AL68: 0000 | AM68: 19990607 | AO68: 03
A69: IT201010 | B69: 김형태 | C69: 690305 | D69: 108A6B1D4CC2097AEC7575E078A1D5FC | E69: 20000228 | F69: 2 | G69: 1 | H69: 12 | I69: 18 | J69: 19 | K69: 4A | L69: 22 | M69: 전기전자 | N69: =VLOOKUP(L69,직군코드!$A$2:$B$12,2,FALSE) -> 전기전자 | O69: 002A0302 | P69: 동수통신파트 | Q69: =VLOOKUP(O69,부서코드!$B$9:$C$244,2,FALSE) -> 동수통신파트 | R69: 42 | S69: 2 | T69: 26 | U69: 20251201 | W69: 0 | X69: 1 | Y69: B100 | Z69: 20240701 | AA69: H21 | AC69: D | AD69: 20210927 | AE69: 20241201 | AH69: 20241201060000 | AI69: SYSTEM | AL69: 0000 | AM69: 20000228 | AO69: 06
A70: IT200296 | B70: 한봉구 | C70: 690311 | D70: 0591B023EEE3D007B42DBD6199A65E72 | E70: 19990524 | F70: 2 | G70: 1 | H70: 12 | I70: 18 | J70: 19 | K70: 3A | L70: 01 | M70: 관리 | N70: =VLOOKUP(L70,직군코드!$A$2:$B$12,2,FALSE) -> 관리 | O70: 000K0304 | P70: 귤현중정비2파트 | Q70: =VLOOKUP(O70,부서코드!$B$9:$C$244,2,FALSE) -> 귤현중정비2파트 | R70: 24 | S70: 1 | T70: 38 | U70: 20261001 | W70: 0 | X70: 0 | Y70: B100 | Z70: 20231010 | AD70: 20210302 | AE70: 20251001 | AH70: 20241001060000 | AI70: SYSTEM | AL70: 0000 | AM70: 19990524 | AO70: 11
A71: IT200824 | B71: 이대영 | C71: 690405 | D71: 7B9D6665D3B72670324BB1AAFB0A36F2 | E71: 19990809 | F71: 2 | G71: 1 | H71: 12 | I71: 18 | J71: 19 | K71: 3A | L71: 01 | M71: 관리 | N71: =VLOOKUP(L71,직군코드!$A$2:$B$12,2,FALSE) -> 관리 | O71: 002A0204 | P71: 주박기지신호파트 | Q71: =VLOOKUP(O71,부서코드!$B$9:$C$244,2,FALSE) -> 주박기지신호파트 | R71: 24 | S71: 1 | T71: 32 | U71: 20261001 | W71: 0 | X71: 0 | Y71: B1V0 | Z71: 20250311 | AD71: 20210302 | AE71: 20251001 | AH71: 20250311060000 | AI71: SYSTEM | AL71: 0000 | AM71: 19990809 | AO71: 05
A72: IT200419 | B72: 이현연 | C72: 690408 | D72: 142778F2EAA3889C48EE8C172E08F930 | E72: 19990607 | F72: 1 | G72: 2 | H72: 12 | I72: 18 | J72: 19 | K72: 2A | L72: 01 | M72: 관리 | N72: =VLOOKUP(L72,직군코드!$A$2:$B$12,2,FALSE) -> 관리 | O72: 000D1600 | P72: 연구개발팀 | Q72: =VLOOKUP(O72,부서코드!$B$9:$C$244,2,FALSE) -> 연구개발팀 | R72: 21 | S72: 1 | T72: 28 | U72: 20230401 | W72: 0 | X72: 0 | Y72: B100 | Z72: 20250929 | AD72: 20240329 | AE72: 20220401 | AH72: 20250929060000 | AI72: SYSTEM | AJ72: 20050712 | AK72: IT200319 | AL72: 0000 | AM72: 19990607 | AO72: 05
A73: IT200600 | B73: 이근주 | C73: 690424 | D73: 69D8CA7856915CDDB73CDC30B8EB7869 | E73: 19990809 | F73: 1 | G73: 1 | H73: 12 | I73: 18 | J73: 19 | K73: 4A | L73: 22 | M73: 전기전자 | N73: =VLOOKUP(L73,직군코드!$A$2:$B$12,2,FALSE) -> 전기전자 | O73: 002A0304 | P73: 주박기지통신파트 | Q73: =VLOOKUP(O73,부서코드!$B$9:$C$244,2,FALSE) -> 주박기지통신파트 | R73: 42 | S73: 2 | T73: 30 | U73: 20260301 | W73: 0 | X73: 1 | Y73: B1V0 | Z73: 20250101 | AA73: H14 | AC73: A | AD73: 20140929 | AE73: 20250301 | AH73: 20250701060000 | AI73: SYSTEM | AL73: 0000 | AM73: 19990809 | AO73: 06
A74: IT201107 | B74: 송호천 | C74: 690427 | D74: 65D74B5FE99CCFDB85F85DA0892CE57C | E74: 20040626 | F74: 1 | G74: 1 | H74: 91 | I74: 91 | J74: 91 | K74: 9Z | L74: 91 | M74: 청경 | N74: =VLOOKUP(L74,직군코드!$A$2:$B$12,2,FALSE) -> 청경 | O74: 000K0100 | P74: 귤현기지지원팀 | Q74: =VLOOKUP(O74,부서코드!$B$9:$C$244,2,FALSE) -> 귤현기지지원팀 | R74: 94 | S74: 1 | T74: 24 | U74: 20260101 | W74: 0 | X74: 0 | Y74: B200 | Z74: 20251027 | AD74: 20040626 | AE74: 20250101 | AF74: 20040624 | AG74: IT200319 | AH74: 20251027060000 | AI74: SYSTEM | AL74: 0000 | AM74: 20040626 | AO74: 80
A75: IT200428 | B75: 민태환 | C75: 690507 | D75: 47DF4F5D48B71CEBEAAC5A914F756E55 | E75: 19990607 | F75: 1 | G75: 1 | H75: 12 | I75: 18 | J75: 19 | K75: 3A | L75: 01 | M75: 관리 | N75: =VLOOKUP(L75,직군코드!$A$2:$B$12,2,FALSE) -> 관리 | O75: 002B0211 | P75: 석바위시장전자파트 | Q75: =VLOOKUP(O75,부서코드!$B$9:$C$244,2,FALSE) -> 석바위시장전자파트 | R75: 24 | S75: 1 | T75: 30 | U75: 20260901 | W75: 0 | Y75: B1V0 | Z75: 20240329 | AA75: A12 | AD75: 20180701 | AE75: 20250901 | AH75: 20250901060000 | AI75: SYSTEM | AJ75: 20070116 | AK75: IT200947 | AL75: 0000 | AM75: 19990607 | AO75: 07
A76: IT200349 | B76: 김상현 | C76: 690517 | D76: C8F735BD2CBF0609082D6DDAB3EB64CC | E76: 19990610 | F76: 2 | G76: 1 | H76: 12 | I76: 18 | J76: 19 | K76: 3A | L76: 01 | M76: 관리 | N76: =VLOOKUP(L76,직군코드!$A$2:$B$12,2,FALSE) -> 관리 | O76: 00050100 | P76: #N/A | Q76: =VLOOKUP(O76,부서코드!$B$9:$C$244,2,FALSE) -> #N/A | R76: 42 | S76: 2 | T76: 35 | U76: 20260901 | W76: 0 | X76: 1 | Y76: B100 | Z76: 20250728 | AA76: B22 | AC76: A | AD76: 20210927 | AE76: 20250901 | AH76: 20250901060000 | AI76: SYSTEM | AL76: 0000 | AM76: 19990610 | AO76: 12
A77: IT200352 | B77: 김태식 | C77: 690525 | D77: FD1362687ABAE27FB480A23B401454ED | E77: 19990607 | F77: 1 | G77: 2 | H77: 12 | I77: 18 | J77: 19 | K77: 1A | L77: 01 | M77: 관리 | N77: =VLOOKUP(L77,직군코드!$A$2:$B$12,2,FALSE) -> 관리 | O77: 003C0100 | P77: 인재양성팀 | Q77: =VLOOKUP(O77,부서코드!$B$9:$C$244,2,FALSE) -> 인재양성팀 | R77: 1G | S77: 1 | T77: 26 | U77: 20220401 | W77: 0 | X77: 0 | Y77: A100 | Z77: 20250929 | AD77: 20250310 | AE77: 20210401 | AH77: 20250929060000 | AI77: SYSTEM | AL77: 0000 | AM77: 19990607 | AO77: 03
A78: IT200686 | B78: 안상원 | C78: 690609 | D78: D854CF7D09FAF3D3B281E33C24C66298 | E78: 19990809 | F78: 3 | G78: 1 | H78: 12 | I78: 18 | J78: 19 | K78: 3A | L78: 01 | M78: 관리 | N78: =VLOOKUP(L78,직군코드!$A$2:$B$12,2,FALSE) -> 관리 | O78: 000F0200 | P78: 기계환경팀 | Q78: =VLOOKUP(O78,부서코드!$B$9:$C$244,2,FALSE) -> 기계환경팀 | R78: 21 | S78: 1 | T78: 27 | U78: 20260601 | W78: 0 | X78: 0 | Y78: B200 | Z78: 20240329 | AD78: 20230530 | AE78: 20250601 | AH78: 20250601060000 | AI78: SYSTEM | AL78: 0000 | AM78: 19990809 | AO78: 10
A79: IT200371 | B79: 이호원 | C79: 690701 | D79: 6BE32534CE7BBBD5EC8726A55C34B2BD | E79: 19990607 | F79: 1 | G79: 1 | H79: 12 | I79: 18 | J79: 19 | K79: 3A | L79: 01 | M79: 관리 | N79: =VLOOKUP(L79,직군코드!$A$2:$B$12,2,FALSE) -> 관리 | O79: 000K0502 | P79: 귤현경정비2파트 | Q79: =VLOOKUP(O79,부서코드!$B$9:$C$244,2,FALSE) -> 귤현경정비2파트 | R79: 24 | S79: 1 | T79: 31 | U79: 20260201 | W79: 0 | X79: 0 | Y79: B100 | Z79: 20230327 | AD79: 20190701 | AE79: 20250201 | AH79: 20250201060000 | AI79: SYSTEM | AL79: 0000 | AM79: 19990607 | AO79: 11
A80: IT200283 | B80: 노승환 | C80: 690714 | D80: 7E3D922D93B7C08FC1E4CB01A04851D3 | E80: 19990524 | F80: 2 | G80: 1 | H80: 12 | I80: 18 | J80: 19 | K80: 4A | L80: 20 | M80: 승무 | N80: =VLOOKUP(L80,직군코드!$A$2:$B$12,2,FALSE) -> 승무 | O80: 00050200 | P80: #N/A | Q80: =VLOOKUP(O80,부서코드!$B$9:$C$244,2,FALSE) -> #N/A | R80: 50 | S80: 3 | T80: 34 | U80: 20260201 | W80: 0 | X80: 1 | Y80: B100 | Z80: 20231016 | AA80: B12 | AD80: 20100222 | AE80: 20250201 | AH80: 20250201060000 | AI80: SYSTEM | AL80: 0000 | AM80: 19990524 | AO80: 12
A81: IT200333 | B81: 백형규 | C81: 690719 | D81: 50170FCDDBB2317DD8FAD3C7C08704E6 | E81: 19990524 | F81: 2 | G81: 1 | H81: 12 | I81: 18 | J81: 19 | K81: 4A | L81: 19 | M81: 차량 | N81: =VLOOKUP(L81,직군코드!$A$2:$B$12,2,FALSE) -> 차량 | O81: 00070202 | P81: #N/A | Q81: =VLOOKUP(O81,부서코드!$B$9:$C$244,2,FALSE) -> #N/A | R81: 42 | S81: 1 | T81: 32 | U81: 20260701 | W81: 0 | X81: 1 | Y81: B1V0 | Z81: 20220103 | AD81: 20140106 | AE81: 20250701 | AH81: 20250701060000 | AI81: SYSTEM | AJ81: 20130729 | AK81: IT201159 | AL81: 0000 | AM81: 19990524 | AO81: 11
A82: IT200976 | B82: 백덕규 | C82: 690728 | D82: 9158F9F2DF86A9262D2173E7E7A3F697 | E82: 19991206 | F82: 3 | G82: 1 | H82: 12 | I82: 18 | J82: 19 | K82: 3A | L82: 01 | M82: 관리 | N82: =VLOOKUP(L82,직군코드!$A$2:$B$12,2,FALSE) -> 관리 | O82: 000K0300 | P82: 귤현중정비팀 | Q82: =VLOOKUP(O82,부서코드!$B$9:$C$244,2,FALSE) -> 귤현중정비팀 | R82: 50 | S82: 1 | T82: 33 | U82: 20261101 | W82: 0 | X82: 1 | Y82: B100 | Z82: 20220321 | AD82: 20240329 | AE82: 20251101 | AH82: 20251101060000 | AI82: SYSTEM | AL82: 0000 | AM82: 19991206 | AO82: 11
A83: IT201260 | B83: 이대희 | C83: 691002 | D83: 05F0895E9E1BFB3524ED88651A0C2E02 | E83: 19971001 | F83: 9 | G83: 1 | H83: 12 | I83: 18 | J83: 19 | K83: 4A | L83: 21 | M83: 시설환경 | N83: =VLOOKUP(L83,직군코드!$A$2:$B$12,2,FALSE) -> 시설환경 | O83: 002B0204 | P83: 검암기계파트 | Q83: =VLOOKUP(O83,부서코드!$B$9:$C$244,2,FALSE) -> 검암기계파트 | R83: 42 | S83: 2 | T83: 27 | U83: 20260801 | W83: 0 | X83: 1 | Y83: B1V0 | Z83: 20240930 | AA83: H16 | AC83: A | AD83: 20200330 | AE83: 20250801 | AF83: 20111224 | AG83: IT201159 | AH83: 20250801060000 | AI83: SYSTEM | AJ83: 20120516 | AK83: IT201159 | AL83: 0000 | AM83: 19971001 | AO83: 10
A84: IT201273 | B84: 신동수 | C84: 691007 | D84: 1477603EF5449D3DC74D83E65C0AF570 | E84: 19970401 | F84: 9 | G84: 1 | H84: 12 | I84: 18 | J84: 19 | K84: 4A | L84: 22 | M84: 전기전자 | N84: =VLOOKUP(L84,직군코드!$A$2:$B$12,2,FALSE) -> 전기전자 | O84: 002A0114 | P84: 인천가좌전기파트 | Q84: =VLOOKUP(O84,부서코드!$B$9:$C$244,2,FALSE) -> 인천가좌전기파트 | R84: 42 | S84: 2 | T84: 38 | U84: 20230701 | W84: 0 | X84: 1 | Y84: B1V0 | Z84: 20230704 | AA84: H13 | AC84: C | AD84: 20200330 | AE84: 20220701 | AF84: 20111224 | AG84: IT201159 | AH84: 20240301060000 | AI84: SYSTEM | AJ84: 20120516 | AK84: IT201159 | AL84: 0000 | AM84: 19970401 | AO84: 04
A85: IT200812 | B85: 이기명 | C85: 691015 | D85: 2B725E5B74DC73886E51B2E3E8E4FDB6 | E85: 19990809 | F85: 2 | G85: 1 | H85: 12 | I85: 18 | J85: 19 | K85: 3A | L85: 01 | M85: 관리 | N85: =VLOOKUP(L85,직군코드!$A$2:$B$12,2,FALSE) -> 관리 | O85: 00050200 | P85: #N/A | Q85: =VLOOKUP(O85,부서코드!$B$9:$C$244,2,FALSE) -> #N/A | R85: 21 | S85: 1 | T85: 33 | U85: 20251201 | W85: 0 | X85: 0 | Y85: B100 | Z85: 20240626 | AD85: 20190101 | AE85: 20241201 | AH85: 20241201060000 | AI85: SYSTEM | AJ85: 20181120180500 | AK85: IT200466 | AL85: 0000 | AM85: 19990809 | AO85: 12
A86: IT200310 | B86: 안승호 | C86: 691016 | D86: 5A1097B9CEABBAB3C3681098688FA8C3 | E86: 19990524 | F86: 2 | G86: 1 | H86: 12 | I86: 18 | J86: 19 | K86: 3A | L86: 01 | M86: 관리 | N86: =VLOOKUP(L86,직군코드!$A$2:$B$12,2,FALSE) -> 관리 | O86: 002A0202 | P86: 작전신호파트 | Q86: =VLOOKUP(O86,부서코드!$B$9:$C$244,2,FALSE) -> 작전신호파트 | R86: 24 | S86: 1 | T86: 37 | U86: 20261001 | W86: 0 | X86: 0 | Y86: B200 | Z86: 20220321 | AD86: 20230530 | AE86: 20251001 | AH86: 20241001060000 | AI86: SYSTEM | AL86: 0000 | AM86: 19990524 | AO86: 05
A87: IT201283 | B87: 이민형 | C87: 691018 | D87: 02EF97DA7C659DAC82D6F8DBB2FAE72F | E87: 20020401 | F87: 9 | G87: 1 | H87: 12 | I87: 18 | J87: 19 | K87: 4A | L87: 03 | M87: 사무 | N87: =VLOOKUP(L87,직군코드!$A$2:$B$12,2,FALSE) -> 사무 | O87: 000N0184 | P87: 귤현역 | Q87: =VLOOKUP(O87,부서코드!$B$9:$C$244,2,FALSE) -> 귤현역 | R87: 42 | S87: 2 | T87: 28 | U87: 20260301 | W87: 0 | X87: 1 | Y87: B100 | Z87: 20241031 | AA87: A13 | AC87: D | AD87: 20241031 | AE87: 20250301 | AF87: 20111224 | AG87: IT201159 | AH87: 20250301060000 | AI87: SYSTEM | AJ87: 20120516 | AK87: IT201159 | AL87: 0000 | AM87: 19980623 | AO87: 03
A88: IT201291 | B88: 김두나 | C88: 691027 | D88: ADCA14A25C5274F1C3DBBA110A37754E | E88: 20090501 | F88: 9 | G88: 1 | H88: 12 | I88: 18 | J88: 19 | K88: 4A | L88: 03 | M88: 사무 | N88: =VLOOKUP(L88,직군코드!$A$2:$B$12,2,FALSE) -> 사무 | O88: 000N0125 | P88: 테크노파크역 | Q88: =VLOOKUP(O88,부서코드!$B$9:$C$244,2,FALSE) -> 테크노파크역 | R88: 42 | S88: 2 | T88: 20 | U88: 20260701 | W88: 0 | X88: 1 | Y88: B100 | Z88: 20250402 | AA88: A13 | AC88: B | AD88: 20250310 | AE88: 20250701 | AF88: 20111224 | AG88: IT201159 | AH88: 20250701060000 | AI88: SYSTEM | AJ88: 20140409 | AK88: IT201159 | AL88: 0000 | AM88: 20040302 | AO88: 03
A89: IT200337 | B89: 조경평 | C89: 691115 | D89: 56EBD79013E97E8B0821E88D5B480A78 | E89: 19990524 | F89: 2 | G89: 1 | H89: 12 | I89: 18 | J89: 19 | K89: 3A | L89: 01 | M89: 관리 | N89: =VLOOKUP(L89,직군코드!$A$2:$B$12,2,FALSE) -> 관리 | O89: 000K0303 | P89: 귤현중정비1파트 | Q89: =VLOOKUP(O89,부서코드!$B$9:$C$244,2,FALSE) -> 귤현중정비1파트 | R89: 24 | S89: 1 | T89: 33 | U89: 20260701 | W89: 0 | X89: 0 | Y89: B100 | Z89: 20250701 | AD89: 20230925 | AE89: 20250701 | AH89: 20250701060000 | AI89: SYSTEM | AJ89: 20200923175900 | AK89: IT201956 | AL89: 0000 | AM89: 19990524 | AO89: 11
A90: IT200588 | B90: 김창균 | C90: 700105 | D90: 2EE7B804F99936662E1E32AE2714BB4B | E90: 19990809 | F90: 3 | G90: 1 | H90: 12 | I90: 18 | J90: 19 | K90: 3A | L90: 01 | M90: 관리 | N90: =VLOOKUP(L90,직군코드!$A$2:$B$12,2,FALSE) -> 관리 | O90: 002A0101 | P90: 국제업무지구전기파트 | Q90: =VLOOKUP(O90,부서코드!$B$9:$C$244,2,FALSE) -> 국제업무지구전기파트 | R90: 24 | S90: 1 | T90: 32 | U90: 20260701 | W90: 0 | X90: 0 | Y90: B100 | Z90: 20241029 | AD90: 20210927 | AE90: 20250701 | AH90: 20250701060000 | AI90: SYSTEM | AL90: 0000 | AM90: 19990809 | AO90: 04
A91: IT200975 | B91: 홍명환 | C91: 700108 | D91: C45D51BFEDA32BFC7FC54614FBA6397F | E91: 19991206 | F91: 2 | G91: 1 | H91: 12 | I91: 18 | J91: 19 | K91: 3A | L91: 01 | M91: 관리 | N91: =VLOOKUP(L91,직군코드!$A$2:$B$12,2,FALSE) -> 관리 | O91: 00070300 | P91: #N/A | Q91: =VLOOKUP(O91,부서코드!$B$9:$C$244,2,FALSE) -> #N/A | R91: 21 | S91: 1 | T91: 33 | U91: 20260401 | W91: 0 | X91: 0 | Y91: B1V0 | Z91: 20250101 | AD91: 20200921 | AE91: 20250401 | AH91: 20250401060000 | AI91: SYSTEM | AL91: 0000 | AM91: 19991206 | AO91: 11
A92: IT200181 | B92: 김기범 | C92: 700109 | D92: 1F0E475DA05EA5D7B584DFBD4E9CDC17 | E92: 19990402 | F92: 2 | G92: 2 | H92: 12 | I92: 18 | J92: 19 | K92: 1A | L92: 01 | M92: 관리 | N92: =VLOOKUP(L92,직군코드!$A$2:$B$12,2,FALSE) -> 관리 | O92: 000C0100 | P92: 총무인사팀 | Q92: =VLOOKUP(O92,부서코드!$B$9:$C$244,2,FALSE) -> 총무인사팀 | R92: 1D | S92: 1 | T92: 30 | U92: 20190901 | W92: 0 | X92: 0 | Y92: A100 | Z92: 20250929 | AD92: 20241031 | AE92: 20180901 | AH92: 20250929060000 | AI92: SYSTEM | AL92: 0000 | AM92: 19990402 | AO92: 03
A93: IT200353 | B93: 전수일 | C93: 700119 | D93: 1E26C06EE6A7DDC54D4034ACAF7FCC33 | E93: 19990607 | F93: 1 | G93: 1 | H93: 12 | I93: 18 | J93: 19 | K93: 3A | L93: 01 | M93: 관리 | N93: =VLOOKUP(L93,직군코드!$A$2:$B$12,2,FALSE) -> 관리 | O93: 000N0100 | P93: 1호선역무팀 | Q93: =VLOOKUP(O93,부서코드!$B$9:$C$244,2,FALSE) -> 1호선역무팀 | R93: 50 | S93: 1 | T93: 29 | U93: 20261001 | W93: 0 | X93: 1 | Y93: B200 | Z93: 20250311 | AD93: 20210927 | AE93: 20251001 | AH93: 20250311060000 | AI93: SYSTEM | AL93: 0000 | AM93: 19990607 | AO93: 03
A94: IT200685 | B94: 나성실 | C94: 700206 | D94: 852B37E6558D781183C9396CB42D752F | E94: 19990809 | F94: 2 | G94: 1 | H94: 12 | I94: 18 | J94: 19 | K94: 3A | L94: 01 | M94: 관리 | N94: =VLOOKUP(L94,직군코드!$A$2:$B$12,2,FALSE) -> 관리 | O94: 002B0203 | P94: 계산기계파트 | Q94: =VLOOKUP(O94,부서코드!$B$9:$C$244,2,FALSE) -> 계산기계파트 | R94: 24 | S94: 1 | T94: 30 | U94: 20260801 | W94: 0 | X94: 0 | Y94: B100 | Z94: 20250311 | AD94: 20250310 | AE94: 20250801 | AH94: 20250801060000 | AI94: SYSTEM | AJ94: 20050712 | AK94: IT200319 | AL94: 0000 | AM94: 19990809 | AO94: 10
A95: IT200443 | B95: 성기상 | C95: 700215 | D95: B1A64FE244BB91ED6C7B68857D727C1A | E95: 19990607 | F95: 1 | G95: 1 | H95: 12 | I95: 18 | J95: 19 | K95: 4A | L95: 03 | M95: 사무 | N95: =VLOOKUP(L95,직군코드!$A$2:$B$12,2,FALSE) -> 사무 | O95: 000N0179 | P95: 검단호수공원역 | Q95: =VLOOKUP(O95,부서코드!$B$9:$C$244,2,FALSE) -> 검단호수공원역 | R95: 42 | S95: 2 | T95: 30 | U95: 20261101 | W95: 0 | X95: 1 | Y95: B100 | Z95: 20250501 | AA95: A13 | AC95: C | AD95: 20200921 | AE95: 20251101 | AH95: 20251101060000 | AI95: SYSTEM | AL95: 0000 | AM95: 19990607 | AO95: 03
A96: IT201274 | B96: 김용구 | C96: 700215 | D96: 95B7DFC9208C3A5CB4D5A54FFF52516B | E96: 20080529 | F96: 9 | G96: 1 | H96: 12 | I96: 18 | J96: 19 | K96: 4A | L96: 22 | M96: 전기전자 | N96: =VLOOKUP(L96,직군코드!$A$2:$B$12,2,FALSE) -> 전기전자 | O96: 002A0202 | P96: 작전신호파트 | Q96: =VLOOKUP(O96,부서코드!$B$9:$C$244,2,FALSE) -> 작전신호파트 | R96: 42 | S96: 2 | T96: 26 | U96: 20260101 | W96: 0 | X96: 1 | Y96: B100 | Z96: 20250311 | AA96: C17 | AC96: D | AD96: 20250310 | AE96: 20250101 | AF96: 20111224 | AG96: IT201159 | AH96: 20250407060000 | AI96: SYSTEM | AJ96: 20120516 | AK96: IT201159 | AL96: 0000 | AM96: 20080529 | AO96: 05
A97: IT200281 | B97: 이황상 | C97: 700220 | D97: E234D42DF8E63361CFCC3330DA5C83C0 | E97: 19990524 | F97: 2 | G97: 2 | H97: 12 | I97: 18 | J97: 19 | K97: 2A | L97: 01 | M97: 관리 | N97: =VLOOKUP(L97,직군코드!$A$2:$B$12,2,FALSE) -> 관리 | O97: 000N0100 | P97: 1호선역무팀 | Q97: =VLOOKUP(O97,부서코드!$B$9:$C$244,2,FALSE) -> 1호선역무팀 | R97: 21 | S97: 1 | T97: 31 | U97: 20221001 | W97: 0 | X97: 0 | Y97: B200 | Z97: 20240101 | AD97: 20220321 | AE97: 20211001 | AH97: 20240101060000 | AI97: SYSTEM | AL97: 0000 | AM97: 19990524 | AO97: 03
A98: IT201037 | B98: 홍성각 | C98: 700313 | D98: 5621848D4F65CB730C1E9A26C7967AF6 | E98: 20000816 | F98: 2 | G98: 1 | H98: 12 | I98: 18 | J98: 19 | K98: 4A | L98: 22 | M98: 전기전자 | N98: =VLOOKUP(L98,직군코드!$A$2:$B$12,2,FALSE) -> 전기전자 | O98: 002A0114 | P98: 인천가좌전기파트 | Q98: =VLOOKUP(O98,부서코드!$B$9:$C$244,2,FALSE) -> 인천가좌전기파트 | R98: 42 | S98: 2 | T98: 30 | U98: 20261001 | W98: 0 | X98: 1 | Y98: B1V0 | Z98: 20230327 | AA98: H13 | AC98: B | AD98: 20200330 | AE98: 20251001 | AH98: 20241001060000 | AI98: SYSTEM | AJ98: 20130102 | AK98: IT201159 | AL98: 0000 | AM98: 20000816 | AO98: 04
A99: IT200298 | B99: 김한희 | C99: 700315 | D99: 0987AF8AA98FF62D6D2282F510218FED | E99: 19990524 | F99: 2 | G99: 2 | H99: 12 | I99: 18 | J99: 19 | K99: 2A | L99: 01 | M99: 관리 | N99: =VLOOKUP(L99,직군코드!$A$2:$B$12,2,FALSE) -> 관리 | O99: 00070100 | P99: #N/A | Q99: =VLOOKUP(O99,부서코드!$B$9:$C$244,2,FALSE) -> #N/A | R99: 1C | S99: 1 | T99: 32 | U99: 20220101 | W99: 0 | X99: 0 | Y99: B2V0 | Z99: 20231010 | AD99: 20230925 | AE99: 20210101 | AH99: 20231010060000 | AI99: SYSTEM | AL99: 0000 | AM99: 19990524 | AO99: 11
A100: IT200924 | B100: 노준철 | C100: 700319 | D100: 8E3961705875AEB82B89C9E398E23B37 | E100: 19990920 | F100: 1 | G100: 1 | H100: 12 | I100: 18 | J100: 19 | K100: 4A | L100: 03 | M100: 사무 | N100: =VLOOKUP(L100,직군코드!$A$2:$B$12,2,FALSE) -> 사무 | O100: 000N0167 | P100: 부평구청역 | Q100: =VLOOKUP(O100,부서코드!$B$9:$C$244,2,FALSE) -> 부평구청역 | R100: 42 | S100: 2 | T100: 29 | U100: 20260301 | W100: 0 | X100: 1 | Y100: B100 | Z100: 20240930 | AA100: A13 | AC100: A | AD100: 20210302 | AE100: 20250301 | AH100: 20250301060000 | AI100: SYSTEM | AL100: 0000 | AM100: 19990920 | AO100: 03
...

Sheet 직군코드
A1: JOBGRPH | B1: JOBPHNM
A2: 00 | B2: 임원
A3: 91 | B3: 청경
A4: 12 | B4: 일반
A5: 13 | B5: 기능
A6: 14 | B6: 공무
A7: 21 | B7: 시설환경
A8: 01 | B8: 관리
A9: 22 | B9: 전기전자
A10: 20 | B10: 승무
A11: 19 | B11: 차량
A12: 03 | B12: 사무

Sheet 부서코드
B2: pm110a | D2: 부서코드현황
G5: 2025.11.14 13:25
G6: IT201368
A7: 출력순서 | B7: 부서코드 | C7: 부서명(약칭) | D7: 부서명 | E7: 사업장 | F7: 원가 | G7: 사용유무 | H7: 조합가입
A8: AAAAA | B8: 0 | C8: 인천교통공사 | D8: 인천교통공사 | E8: 본사 | G8: 사용 | H8: 미가입
A9: A0000 | B9: 000A0000 | C9: 임원 | D9: 임원 | E9: 본사 | G9: 사용 | H9: 미가입
A10: A0100 | B10: 000A0100 | C10: 임원 | D10: 임원 | E10: 본사 | F10: 판관비 | G10: 사용 | H10: 미가입
A11: B0000 | B11: 000B0000 | C11: 기획조정처 | D11: 기획조정처 | E11: 본사 | G11: 사용 | H11: 미가입
A12: B0100 | B12: 000B0100 | C12: ESG기획팀 | D12: 기획조정처 ESG기획팀 | E12: 본사 | G12: 사용 | H12: 가입
A13: B0200 | B13: 000B1100 | C13: 혁신평가팀 | D13: 기획조정처 혁신평가팀 | E13: 본사 | F13: 판관비 | G13: 사용 | H13: 가입
A14: B0250 | B14: 000B0200 | C14: 예산관리팀 | D14: 기획조정처 예산관리팀 | E14: 본사 | G14: 사용 | H14: 가입
A15: B0300 | B15: 000B0400 | C15: 미디어팀 | D15: 기획조정처 미디어팀 | E15: 본사 | F15: 판관비 | G15: 사용 | H15: 가입
A16: C0000 | B16: 000C0000 | C16: 경영지원처 | D16: 경영지원처 | E16: 본사 | G16: 사용 | H16: 미가입
A17: C0100 | B17: 000C0100 | C17: 총무인사팀 | D17: 경영지원처 총무인사팀 | E17: 본사 | F17: 판관비 | G17: 사용 | H17: 미가입
A18: C0300 | B18: 000C0300 | C18: 노사협력팀 | D18: 경영지원처 노사협력팀 | E18: 본사 | F18: 판관비 | G18: 사용 | H18: 미가입
A19: C0400 | B19: 000C0400 | C19: 재무회계팀 | D19: 경영지원처 재무회계팀 | E19: 본사 | F19: 판관비 | G19: 사용 | H19: 가입
A20: C0500 | B20: 000C0900 | C20: 스마트정보팀 | D20: 경영지원처 스마트정보팀 | E20: 본사 | F20: 판관비 | G20: 사용 | H20: 가입
A21: D0000 | B21: 000D0000 | C21: 도시철도영업처 | D21: 도시철도영업처 | E21: 본사 | G21: 사용 | H21: 미가입
A22: D0100 | B22: 000D0100 | C22: 운수기획팀 | D22: 도시철도영업처 운수기획팀 | E22: 본사 | F22: 판관비 | G22: 사용 | H22: 가입
A23: D0200 | B23: 000D1200 | C23: 고객지원팀 | D23: 도시철도영업처 고객지원팀 | E23: 본사 | G23: 사용 | H23: 가입
A24: D0300 | B24: 000D1400 | C24: 신사업개발팀 | D24: 도시철도영업처 신사업개발팀 | E24: 본사 | F24: 판관비 | G24: 사용 | H24: 가입
A25: D0400 | B25: 000D1500 | C25: 부대사업팀 | D25: 도시철도영업처 부대사업팀 | E25: 본사 | F25: 판관비 | G25: 사용 | H25: 가입
A26: D0500 | B26: 000D1600 | C26: 연구개발팀 | D26: 도시철도영업처 연구개발팀 | E26: 본사 | F26: 판관비 | G26: 사용 | H26: 가입
A27: D0800 | B27: 0 | C27: 차량승무처 | D27: 차량승무처 | E27: 본사 | F27: 매출 | G27: 사용 | H27: 가입
A28: D0820 | B28: 0 | C28: 차량팀 | D28: 차량승무처 차량팀 | E28: 본사 | F28: 매출 | G28: 사용 | H28: 가입
A29: D0830 | B29: 0 | C29: 승무팀 | D29: 차량승무처 승무팀 | E29: 본사 | G29: 사용 | H29: 가입
A30: D0900 | B30: 000E0400 | C30: 월미기술팀 | D30: 차량승무처 월미기술팀 | E30: 본사 | G30: 사용 | H30: 가입
A31: D0910 | B31: 000E0401 | C31: 월미관제파트 | D31: 차량승무처 월미기술팀 관제파트 | E31: 본사 | G31: 사용 | H31: 가입
A32: E0000 | B32: 000G0000 | C32: 시스템관리처 | D32: 시스템관리처 | E32: 본사 | G32: 사용 | H32: 미가입
A33: E0200 | B33: 000G1000 | C33: 전기팀 | D33: 시스템관리처 전기팀 | E33: 본사 | F33: 매출 | G33: 사용 | H33: 가입
A34: E0300 | B34: 000G1100 | C34: 신호팀 | D34: 시스템관리처 신호팀 | E34: 본사 | F34: 매출 | G34: 사용 | H34: 가입
A35: E0400 | B35: 000G0400 | C35: 통신팀 | D35: 시스템관리처 통신팀 | E35: 본사 | G35: 사용 | H35: 가입
A36: E0411 | B36: 000G1800 | C36: 전기설비개량TF팀 | D36: 시스템관리처 전기설비개량TF팀 | E36: 본사 | F36: 매출 | G36: 사용 | H36: 가입
A37: E0500 | B37: 000F0000 | C37: 시설환경처 | D37: 시설환경처 | E37: 본사 | G37: 사용 | H37: 미가입
A38: E0600 | B38: 000F0100 | C38: 토목궤도팀 | D38: 시설환경처 토목궤도팀 | E38: 본사 | G38: 사용 | H38: 가입
A39: E0650 | B39: 000F0700 | C39: 건축팀 | D39: 시설환경처 건축팀 | E39: 본사 | G39: 사용 | H39: 가입
A40: E0700 | B40: 000F0200 | C40: 기계환경팀 | D40: 시설환경처 기계환경팀 | E40: 본사 | G40: 사용 | H40: 가입
A41: E0900 | B41: 000F0900 | C41: 공기질개선TF팀 | D41: 시설환경처 공기질개선TF팀 | E41: 본사 | G41: 사용 | H41: 가입
A42: E1000 | B42: 000F1000 | C42: 전자팀 | D42: 시설환경처 전자팀 | E42: 본사 | G42: 사용 | H42: 가입
A43: E1001 | B43: 000F1100 | C43: 건설공사TF팀 | D43: 시설환경처 건설공사TF팀 | E43: 본사 | G43: 사용 | H43: 가입
A44: E1100 | B44: 001A0000 | C44: 안전검증TF | D44: 안전검증TF | E44: 본사 | G44: 사용 | H44: 가입
A45: E1101 | B45: 001A0100 | C45: 안전검증TF팀 | D45: 안전검증TF팀 | E45: 본사 | G45: 사용 | H45: 가입
A46: F0000 | B46: 30000 | C46: 버스운영처 | D46: 버스운영처 | E46: 본사 | G46: 사용 | H46: 미가입
A47: F0100 | B47: 30500 | C47: 육상교통기획팀 | D47: 버스운영처 육상교통기획팀 | E47: 본사 | G47: 사용 | H47: 가입
A48: F0101 | B48: 30501 | C48: 송도파트 | D48: 버스운영처 육상교통 송도파트 | E48: 본사 | G48: 사용 | H48: 가입
A49: F0200 | B49: 31100 | C49: 신교통운영팀 | D49: 버스운영처 신교통운영팀 | E49: 본사 | G49: 사용 | H49: 가입
A50: F1000 | B50: 003D0000 | C50: 교통시설처 | D50: 교통시설처 | E50: 본사 | G50: 사용 | H50: 미가입
A51: F1100 | B51: 003D0100 | C51: 교통복지팀 | D51: 교통시설처 교통복지팀 | E51: 본사 | G51: 사용 | H51: 가입
A52: F1101 | B52: 003D0101 | C52: 문학파트 | D52: 교통시설처 교통복지 문학파트 | E52: 본사 | G52: 사용 | H52: 가입
A53: F1200 | B53: 003D0200 | C53: 승강대관리팀 | D53: 교통시설처 승강대관리팀 | E53: 본사 | G53: 사용 | H53: 가입
A54: F1201 | B54: 003D0201 | C54: 승강대관리파트 | D54: 교통시설처 승강대관리팀 승강대관리파트 | E54: 본사 | G54: 사용 | H54: 가입
A55: G2000 | B55: 000H0000 | C55: 안전관리실 | D55: 안전관리실 | E55: 본사 | G55: 사용 | H55: 미가입
A56: G2010 | B56: 000H0100 | C56: 철도안전팀 | D56: 안전관리실 철도안전팀 | E56: 본사 | F56: 매출 | G56: 사용 | H56: 미가입
A57: G2020 | B57: 000H0500 | C57: 산업안전보건팀 | D57: 안전관리실 산업안전보건팀 | E57: 본사 | G57: 사용 | H57: 가입
A58: G2030 | B58: 000H0400 | C58: 재난비상관리팀 | D58: 안전관리실 재난비상관리팀 | E58: 본사 | F58: 매출 | G58: 사용 | H58: 미가입
A59: H0000 | B59: 000J0000 | C59: 감사실 | D59: 감사실 | E59: 본사 | G59: 사용 | H59: 미가입
A60: H0100 | B60: 000J0100 | C60: 경영감사팀 | D60: 감사실 경영감사팀 | E60: 본사 | F60: 판관비 | G60: 사용 | H60: 미가입
A61: H0200 | B61: 000J0200 | C61: 기술감사팀 | D61: 감사실 기술감사팀 | E61: 본사 | G61: 사용 | H61: 미가입
A62: H1000 | B62: 003B0000 | C62: 7호선운영사업단 | D62: 7호선운영사업단 | E62: 7호선운영사업단 | G62: 사용 | H62: 미가입
A63: H1100 | B63: 003B0100 | C63: 7호선역무팀 | D63: 7호선운영사업단 역무팀 | E63: 7호선운영사업단 | G63: 사용 | H63: 가입
A64: H1101 | B64: 003B0110 | C64: 7호선부천관리역 | D64: 7호선역무팀 부천관리역 | E64: 7호선운영사업단 | G64: 사용 | H64: 가입
A65: H1102 | B65: 003B0111 | C65: 까치울역 | D65: 7호선역무팀 까치울역 | E65: 7호선운영사업단 | G65: 사용 | H65: 가입
A66: H1103 | B66: 003B0112 | C66: 부천종합운동장역 | D66: 7호선역무팀 부천종합운동장역 | E66: 7호선운영사업단 | G66: 사용 | H66: 가입
A67: H1104 | B67: 003B0113 | C67: 춘의역 | D67: 7호선역무팀 춘의역 | E67: 7호선운영사업단 | G67: 사용 | H67: 가입
A68: H1105 | B68: 003B0114 | C68: 신중동역 | D68: 7호선역무팀 신중동역 | E68: 7호선운영사업단 | G68: 사용 | H68: 가입
A69: H1106 | B69: 003B0115 | C69: 부천시청역 | D69: 7호선역무팀 부천시청역 | E69: 7호선운영사업단 | G69: 사용 | H69: 가입
A70: H1107 | B70: 003B0116 | C70: 상동역 | D70: 7호선역무팀 상동역 | E70: 7호선운영사업단 | G70: 사용 | H70: 가입
A71: H1108 | B71: 003B0120 | C71: 7호선인천관리역 | D71: 7호선역무팀 인천관리역 | E71: 7호선운영사업단 | G71: 사용 | H71: 가입
A72: H1109 | B72: 003B0117 | C72: 삼산체육관역 | D72: 7호선역무팀 삼산체육관역 | E72: 7호선운영사업단 | G72: 사용 | H72: 가입
... A85: H1404 | B85: 003B0304 | C85: 7호선전자파트 | D85: 7호선운영사업단 시설팀 전자파트 | E85: 7호선운영사업단 | G85: 사용 | H85: 가입
A86: H1600 | B86: 003B0500 | C86: 안전관리지원 TF | D86: 7호선운영사업단 안전관리지원 TF | E86: 7호선운영사업단 | G86: 사용
A87: H1601 | B87: 003B0510 | C87: 안전사고 예방 TF팀 | D87: 안전사고 예방 TF단 안전사고 예방 TF팀 | E87: 7호선운영사업단 | G87: 사용
A88: I0000 | B88: 003C0000 | C88: 인재개발원 | D88: 인재개발원 | E88: 인재개발원 | G88: 사용 | H88: 가입
A89: I0100 | B89: 003C0100 | C89: 인재양성팀 | D89: 인재개발원 인재양성팀 | E89: 인재개발원 | G89: 사용 | H89: 가입
A90: I0200 | B90: 003C0200 | C90: 기술전수팀 | D90: 인재개발원 기술전수팀 | E90: 인재개발원 | G90: 사용 | H90: 가입
A91: M1000 | B91: 000N0000 | C91: 역무사업소 | D91: 역무사업소 | E91: 역무사업소 | G91: 사용 | H91: 미가입
A92: M1100 | B92: 000N0100 | C92: 1호선역무팀 | D92: 1호선역무팀 | E92: 역무사업소 | F92: 매출 | G92: 사용 | H92: 가입
A93: M1101 | B93: 000N0180 | C93: 계양관리역 | D93: 1호선역무팀 계양관리역 | E93: 역무사업소 | F93: 매출 | G93: 사용 | H93: 가입
A94: M1102 | B94: 000N0179 | C94: 검단호수공원역 | D94: 1호선역무팀 검단호수공원역 | E94: 역무사업소 | F94: 매출 | G94: 사용 | H94: 가입
A95: M1103 | B95: 000N0178 | C95: 신검단중앙역 | D95: 1호선역무팀 신검단중앙역 | E95: 역무사업소 | F95: 매출 | G95: 사용 | H95: 가입
A96: M1104 | B96: 000N0177 | C96: 아라역 | D96: 1호선역무팀 아라역 | E96: 역무사업소 | F96: 매출 | G96: 사용 | H96: 가입
A97: M1105 | B97: 000N0185 | C97: 계양역 | D97: 1호선역무팀 계양역 | E97: 역무사업소 | F97: 매출 | G97: 사용 | H97: 가입
A98: M1106 | B98: 000N0184 | C98: 귤현역 | D98: 1호선역무팀 귤현역 | E98: 역무사업소 | F98: 매출 | G98: 사용 | H98: 가입
A99: M1107 | B99: 000N0183 | C99: 박촌역 | D99: 1호선역무팀 박촌역 | E99: 역무사업소 | F99: 매출 | G99: 사용 | H99: 가입
A100: M1108 | B100: 000N0182 | C100: 임학역 | D100: 1호선역무팀 임학역 | E100: 역무사업소 | F100: 매출 | G100: 사용 | H100: 가입
A101: M1109 | B101: 000N0188 | C101: 계산역 | D101: 1호선역무팀 계산역 | E101: 역무사업소 | G101: 사용 | H101: 가입
A102: M1110 | B102: 000N0187 | C102: 경인교대입구역 | D102: 1호선역무팀 경인교대입구역 | E102: 역무사업소 | G102: 사용 | H102: 가입
A103: M1111 | B103: 000N0160 | C103: 부평관리역 | D103: 1호선역무팀 부평관리역 | E103: 역무사업소 | F103: 매출 | G103: 사용 | H103: 가입
A104: M1112 | B104: 000N0186 | C104: 작전역 | D104: 1호선역무팀 작전역 | E104: 역무사업소 | G104: 사용 | H104: 가입
A105: M1113 | B105: 000N0168 | C105: 갈산역 | D105: 1호선역무팀 갈산역 | E105: 역무사업소 | G105: 사용 | H105: 가입
A106: M1114 | B106: 000N0167 | C106: 부평구청역 | D106: 1호선역무팀 부평구청역 | E106: 역무사업소 | G106: 사용 | H106: 가입
A107: M1115 | B107: 000N0165 | C107: 부평시장역 | D107: 1호선역무팀 부평시장역 | E107: 역무사업소 | F107: 매출 | G107: 사용 | H107: 가입
A108: M1116 | B108: 000N0164 | C108: 부평역 | D108: 1호선역무팀 부평역 | E108: 역무사업소 | F108: 매출 | G108: 사용 | H108: 가입
A109: M1117 | B109: 000N0163 | C109: 동수역 | D109: 1호선역무팀 동수역 | E109: 역무사업소 | F109: 매출 | G109: 사용 | H109: 가입
A110: M1118 | B110: 000N0162 | C110: 부평삼거리역 | D110: 1호선역무팀 부평삼거리역 | E110: 역무사업소 | F110: 매출 | G110: 사용 | H110: 가입
A111: M1119 | B111: 000N0161 | C111: 간석오거리역 | D111: 1호선역무팀 간석오거리역 | E111: 역무사업소 | F111: 매출 | G111: 사용 | H111: 가입
A112: M1120 | B112: 000N0140 | C112: 인천시청관리역 | D112: 1호선역무팀 인천시청관리역 | E112: 역무사업소 | F112: 매출 | G112: 사용 | H112: 가입
A113: M1121 | B113: 000N0166 | C113: 인천시청역 | D113: 1호선역무팀 인천시청역 | E113: 역무사업소 | G113: 사용 | H113: 가입
A114: M1122 | B114: 000N0149 | C114: 예술회관역 | D114: 1호선역무팀 예술회관역 | E114: 역무사업소 | G114: 사용 | H114: 가입
A115: M1123 | B115: 000N0148 | C115: 인천터미널역 | D115: 1호선역무팀 인천터미널역 | E115: 역무사업소 | G115: 사용 | H115: 가입
...
